#kill,250,100,100,25,0,false,5,false,#score/kill,#,#,false,true,true,#,#,#,#,#,false
#first_kill,0,500,0,0,0,false,2,false,#hash_69656187f495ef7d,#medal_first_kill,#t7_hud_medal_first_kill,false,true,false,#combat,#general,#,#major,#,false
#headshot,0,100,0,25,0,false,2,false,#,#medal_headshot,#events_headshot,false,true,true,#combat,#general,#,#major,#,false
#assisted_suicide,0,100,0,0,0,false,2,false,#,#medal_assisted_suicide,#t7_hud_medal_assisted_suicide,false,true,false,#combat,#,#,#,#,false
#longshot_kill,0,250,0,0,0,false,0,false,#,#medal_longshot_kill,#t7_hud_medal_longshot_kill,false,true,false,#combat,#,#,#,#,false
#kill_enemy_one_bullet,0,100,0,25,0,false,2,false,#hash_54486401ea61700b,#medal_kill_enemy_one_bullet,#hash_dd08199f5646a54,false,true,false,#combat,#general,#,#major,#,false
#kill_enemies_one_bullet,0,500,0,0,0,false,2,false,#,#medal_kill_enemies_one_bullet,#t7_hud_medal_kill_enemies_one_bullet,false,true,false,#combat,#general,#,#major,#,false
#uninterrupted_obit_feed_kills,0,250,0,0,0,false,0,false,#,#medal_uninterrupted_obit_feed_kills,#t7_hud_medal_uninterrupted_obit_feed_kills,true,true,false,#combat,#,#,#,#,false
#kill_enemy_when_injured,0,100,0,0,0,false,0,false,#,#medal_kill_enemy_when_injured,#t7_hud_medal_kill_enemy_when_injured,false,true,false,#combat,#,#,#,#,false
#comeback_from_deathstreak,0,100,0,0,0,false,0,false,#,#medal_comeback_from_deathstreak,#t7_hud_medal_comeback_from_deathstreak,false,true,false,#combat,#,#,#,#,false
#revenge_kill,0,100,0,0,0,false,0,false,#,#medal_revenge_kill,#t7_hud_medal_revenge_kill,true,true,false,#combat,#,#,#,#,false
#kill_enemy_after_death,0,100,0,0,0,false,0,false,#,#medal_kill_enemy_after_death,#t7_hud_medal_kill_enemy_after_death,true,true,false,#combat,#,#,#,#,false
#kill_enemy_with_their_weapon,0,100,0,0,0,false,0,false,#,#medal_kill_enemy_with_their_weapon,#t7_hud_medal_kill_enemy_with_their_weapon,true,true,false,#combat,#,#,#,#,false
#stop_enemy_killstreak,0,100,0,0,0,false,0,false,#hash_3a5b2643b4e63e34,#medal_stop_enemy_killstreak,#t7_hud_medal_stop_enemy_killstreak,true,true,false,#combat,#,#,#,#,false
#kill_enemy_who_killed_teammate,0,100,0,0,0,false,0,false,#,#medal_kill_enemy_who_killed_teammate,#t7_hud_medal_kill_enemy_who_killed_teammate,false,true,false,#combat,#,#,#,#,false
#kill_enemy_injuring_teammate,0,100,0,0,0,false,2,false,#hash_4308ebca83c5d6ef,#medal_kill_enemy_injuring_teammate,#t7_hud_medal_kill_enemy_injuring_teammate,false,true,false,#combat,#,#,#,#,false
#kill_enemy_that_is_in_air,0,100,0,0,0,false,2,false,#,#medal_kill_enemy_that_is_in_air,#t7_hud_medal_kill_enemy_that_is_in_air,false,true,false,#combat,#,#,#,#,false
#kill_enemy_while_in_air,0,100,0,0,0,false,2,false,#,#medal_kill_enemy_while_in_air,#t7_hud_medal_kill_enemy_while_in_air,false,true,false,#combat,#,#,#,#,false
#kill_enemy_that_is_wallrunning,0,100,0,0,0,false,2,false,#,#medal_kill_enemy_that_is_wallrunning,#t7_hud_medal_kill_enemy_that_is_wallrunning,false,true,false,#combat,#,#,#,#,false
#kill_enemy_while_wallrunning,0,100,0,0,0,false,2,false,#,#medal_kill_enemy_while_wallrunning,#t7_hud_medal_kill_enemy_while_wallrunning,false,true,false,#combat,#,#,#,#,false
#traversal_kill,0,100,0,0,0,false,2,false,#,#medal_traversal_kill,#t7_hud_medal_traversal_kill,false,true,false,#combat,#,#,#,#,false
#kill_enemy_while_sliding,0,100,0,0,0,false,2,false,#,#medal_kill_enemy_while_sliding,#t7_hud_medal_kill_enemy_while_sliding,false,true,false,#combat,#,#,#,#,false
#kill_enemy_while_both_in_air,0,100,0,0,0,false,2,false,#,#medal_kill_enemy_while_both_in_air,#t7_hud_medal_kill_enemy_while_both_in_air,true,true,false,#combat,#,#,#,#,false
#kill_enemy_grenade_throwback,0,100,0,0,0,false,2,false,#,#medal_kill_enemy_grenade_throwback,#t7_hud_medal_kill_enemy_grenade_throwback,true,true,false,#combat,#,#,#,#,false
#kill_enemy_while_flashbanged,0,100,0,0,0,false,0,false,#,#medal_kill_enemy_while_flashbanged,#t7_hud_medal_kill_enemy_while_flashbanged,true,true,false,#combat,#,#,#,#,false
#kill_enemy_while_stunned,0,100,0,0,0,false,0,false,#,#medal_kill_enemy_while_stunned,#t7_hud_medal_kill_enemy_while_stunned,true,true,false,#combat,#,#,#,#,false
#melee_kill,0,0,0,25,0,false,2,false,#hash_69915cb23bd5c9ab,#,#hash_6ea7d1cc502ef248,false,false,false,#,#,#,#,#,false
#backstabber_kill,0,100,0,0,0,false,2,false,#,#medal_backstabber_kill,#t7_hud_medal_backstabber_kill,true,true,false,#combat,#,#,#,#,false
#kill_enemy_with_gunbutt,0,100,0,0,0,false,2,false,#,#medal_kill_enemy_with_gunbutt,#t7_hud_medal_kill_enemy_with_gunbutt,true,true,false,#combat,#,#,#,#,false
#kill_enemy_with_fists,0,100,0,0,0,false,2,false,#,#medal_kill_enemy_with_fists,#t7_hud_medal_kill_enemy_with_fists,true,true,false,#combat,#,#,#,#,false
#killstreak_2,0,0,0,0,0,false,0,false,#hash_e47d76f47466055,#,#,false,false,false,#,#,#,#,#,false
#killstreak_3,0,0,0,0,0,false,0,false,#hash_e47d66f47465ea2,#,#,false,false,false,#,#,#,#,#,false
#killstreak_4,0,0,0,0,0,false,0,false,#hash_e47d16f47465623,#,#,false,false,false,#,#,#,#,#,false
#killstreak_5,0,0,0,25,0,false,0,false,#hash_e47d06f47465470,#medal_killstreak_5,#hash_62b11f5e227922d3,true,true,false,#combat,#,#,#,#,false
#killstreak_6,0,0,0,0,0,false,0,false,#hash_e47d36f47465989,#,#,false,false,false,#,#,#,#,#,false
#killstreak_7,0,0,0,0,0,false,0,false,#hash_e47d26f474657d6,#,#,false,false,false,#,#,#,#,#,false
#killstreak_8,0,0,0,0,0,false,0,false,#hash_e47dd6f47466a87,#,#,false,false,false,#,#,#,#,#,false
#killstreak_9,0,0,0,0,0,false,0,false,#hash_e47dc6f474668d4,#,#,false,false,false,#,#,#,#,#,false
#killstreak_10,0,500,0,25,0,false,0,false,#hash_a6905161c8cb564,#medal_killstreak_10,#hash_2c28c7f493e1d45d,true,true,false,#combat,#,#,#,#,false
#killstreak_11,0,500,0,0,0,false,0,false,#hash_a6906161c8cb717,#,#,false,false,false,#,#,#,#,#,false
#killstreak_12,0,500,0,0,0,false,0,false,#hash_a6907161c8cb8ca,#,#,false,false,false,#,#,#,#,#,false
#killstreak_13,0,500,0,0,0,false,0,false,#hash_a6908161c8cba7d,#,#,false,false,false,#,#,#,#,#,false
#killstreak_14,0,500,0,0,0,false,0,false,#hash_a6901161c8cae98,#,#,false,false,false,#,#,#,#,#,false
#killstreak_15,0,500,0,25,0,false,0,false,#hash_a6902161c8cb04b,#medal_killstreak_15,#hash_2c28c2f493e1cbde,true,true,false,#combat,#,#,#,#,false
#killstreak_16,0,500,0,0,0,false,0,false,#hash_a6903161c8cb1fe,#,#,false,false,false,#,#,#,#,#,false
#killstreak_17,0,500,0,0,0,false,0,false,#hash_a6904161c8cb3b1,#,#,false,false,false,#,#,#,#,#,false
#killstreak_18,0,500,0,0,0,false,0,false,#hash_a68fd161c8ca7cc,#,#,false,false,false,#,#,#,#,#,false
#killstreak_19,0,500,0,0,0,false,0,false,#hash_a68fe161c8ca97f,#,#,false,false,false,#,#,#,#,#,false
#killstreak_20,0,500,0,25,0,false,0,false,#hash_a7377161c95cb9f,#medal_killstreak_20,#hash_2c2c2df493e4b786,true,true,false,#combat,#,#,#,#,false
#killstreak_21,0,500,0,0,0,false,0,false,#hash_a7376161c95c9ec,#,#,false,false,false,#,#,#,#,#,false
#killstreak_22,0,500,0,0,0,false,0,false,#hash_a7379161c95cf05,#,#,false,false,false,#,#,#,#,#,false
#killstreak_23,0,500,0,0,0,false,0,false,#hash_a7378161c95cd52,#,#,false,false,false,#,#,#,#,#,false
#killstreak_24,0,500,0,0,0,false,0,false,#hash_a7373161c95c4d3,#,#,false,false,false,#,#,#,#,#,false
#killstreak_25,0,500,0,25,0,false,0,false,#hash_a7372161c95c320,#medal_killstreak_25,#hash_2c2c32f493e4c005,true,true,false,#combat,#,#,#,#,false
#killstreak_26,0,500,0,0,0,false,0,false,#hash_a7375161c95c839,#,#,false,false,false,#,#,#,#,#,false
#killstreak_27,0,500,0,0,0,false,0,false,#hash_a7374161c95c686,#,#,false,false,false,#,#,#,#,#,false
#killstreak_28,0,500,0,0,0,false,0,false,#hash_a737f161c95d937,#,#,false,false,false,#,#,#,#,#,false
#killstreak_29,0,500,0,0,0,false,0,false,#hash_a737e161c95d784,#,#,false,false,false,#,#,#,#,#,false
#killstreak_30,0,500,0,25,0,false,0,false,#hash_a6ff1161c92b216,#medal_killstreak_30,#hash_2c2fb3f493e7d10f,true,true,false,#combat,#,#,#,#,false
#killstreak_more_than_30,0,500,0,25,0,false,0,false,#hash_662db24f78129fe4,#medal_killstreak_more_than_30,#hash_2ac3ea55e6d1730d,false,true,false,#combat,#,#,#,#,false
#multikill_2,0,100,0,25,0,false,0,false,#hash_2a61f950321d512e,#medal_multikill_2,#hash_360348f1e645e987,true,true,false,#combat,#general,#,#major,#,false
#multikill_3,0,250,0,25,0,false,0,false,#hash_2a61fa50321d52e1,#medal_multikill_3,#hash_360347f1e645e7d4,true,true,false,#combat,#general,#,#major,#,false
#multikill_4,0,500,0,25,0,false,0,false,#hash_2a61fb50321d5494,#medal_multikill_4,#hash_360346f1e645e621,true,true,false,#combat,#general,#,#major,#,false
#multikill_5,0,750,0,25,0,false,0,false,#hash_2a61fc50321d5647,#medal_multikill_5,#hash_360345f1e645e46e,true,true,false,#combat,#general,#,#major,#,false
#multikill_6,0,1000,0,25,0,false,0,false,#hash_2a61fd50321d57fa,#medal_multikill_6,#hash_360344f1e645e2bb,true,true,false,#combat,#general,#,#major,#,false
#multikill_7,0,1000,0,25,0,false,0,false,#hash_2a61fe50321d59ad,#medal_multikill_7,#hash_360343f1e645e108,true,true,false,#combat,#general,#,#major,#,false
#multikill_8,0,1000,0,25,0,false,0,false,#hash_2a61ef50321d4030,#medal_multikill_8,#hash_360342f1e645df55,true,true,false,#combat,#general,#,#major,#,false
#multikill_more_than_8,0,1000,0,25,0,false,0,false,#hash_32261a55dae18e6e,#medal_multikill_more_than_8,#hash_51cd3f0bc16b3a6f,true,true,false,#combat,#general,#,#major,#,false
#assist_75,0,75,75,25,0,false,2,false,#score/assists,#,#,false,true,true,#,#,#,#,#,false
#assist_50,0,50,50,25,0,false,2,false,#score/assists,#,#,false,true,true,#,#,#,#,#,false
#assist_25,0,25,25,25,0,false,2,false,#score/assists,#,#,false,true,true,#,#,#,#,#,false
#team_kill,0,0,0,0,0,false,0,false,#,#,#,false,false,false,#,#,#,#,#,false
#death,0,0,0,0,0,false,0,false,#,#,#,false,false,false,#,#,#,#,#,false
#suicide,0,0,0,0,0,false,0,false,#,#,#,false,false,false,#,#,#,#,#,false
#killed_attacker,0,0,25,0,0,false,2,true,#hash_29c0e1300a537937,#,#,false,true,false,#,#,#,#,#,false
#killed_defender,0,0,25,0,0,false,2,true,#hash_3487bb65b11c038f,#,#,false,true,false,#,#,#,#,#,false
#clear_2_attackers,0,42,0,0,0,false,2,false,#hash_2813c9da7aeefd39,#medal_clear_2_attackers,#t7_hud_medal_clear_2_attackers,false,true,false,#gamemode,#,#,#,#,false
#completed_match,0,250,0,0,0,false,0,false,#,#medal_completed_match,#t7_hud_medal_completed_match,false,true,false,#gamemode,#,#,#,#,false
#won_match,0,500,0,0,0,false,0,false,#,#medal_won_match,#t7_hud_medal_won_match,false,true,false,#gamemode,#,#,#,#,false
#neutral_b_secured,0,42,250,50,0,false,0,true,#hash_5cb6da36d9d4a4f4,#medal_neutral_b_secured,#t7_hud_medal_neutral_b_secured,false,true,false,#gamemode,#,#,#,#,false
#dom_point_neutral_secured,0,0,150,50,0,false,0,true,#hash_4169caaf649733eb,#,#,false,true,false,#,#,#,#,#,false
#dom_point_secured,0,42,150,50,0,false,0,true,#hash_547d7bf268c00204,#medal_position_secure,#t7_hud_medal_dom_point_secured,false,true,false,#gamemode,#,#,#,#,false
#kill_enemy_while_capping_dom,0,42,50,50,0,false,0,true,#hash_6b8fb98459bbafe8,#medal_kill_enemy_while_capping,#t7_hud_medal_kill_enemy_while_capping_dom,false,true,false,#gamemode,#,#,#,#,false
#dom_point_secured_neutralizing,0,0,50,50,0,false,0,false,#hash_19cfca4fe2b7396f,#,#,false,true,false,#,#,#,#,#,false
#dom_point_neutralized_neutralizing,0,0,50,50,0,false,0,false,#hash_7bb1a151a4fd8446,#,#,false,true,false,#,#,#,#,#,false
#kill_confirmed,0,0,25,0,0,false,0,false,#hash_1baff43061c59ba8,#,#,false,true,false,#,#,#,#,#,false
#kill_confirmed_multi,0,0,0,0,0,false,0,false,#,#medal_kill_confirmed_multi,#t7_hud_medal_kill_confirmed_multi,false,true,false,#gamemode,#,#,#,#,false
#teammate_kill_confirmed,0,0,15,0,0,false,0,false,#hash_50ffcbe73c969561,#,#,false,true,false,#,#,#,#,#,false
#kill_denied,0,0,25,0,0,false,0,false,#hash_50f2ecc28fddce9c,#,#,false,true,false,#,#,#,#,#,false
#retrieve_own_tags,0,0,25,0,0,false,0,false,#hash_50f2ecc28fddce9c,#medal_retrieve_own_tags,#t7_hud_medal_retrieve_own_tags,false,true,false,#gamemode,#,#,#,#,false
#hardpoint_kill,0,0,0,50,0,false,0,true,#,#,#,false,true,false,#,#,#,#,#,false
#koth_secure,0,0,50,50,0,false,0,true,#hash_1f9567e657d2f7bc,#medal_koth_secure,#t7_hud_medal_koth_secure,false,true,false,#gamemode,#,#,#,#,false
#quickly_secure_point,0,0,0,50,0,false,0,true,#,#medal_quickly_secure_point,#t7_hud_medal_quickly_secure_point,false,true,false,#gamemode,#,#,#,#,false
#planted_bomb,0,0,50,50,0,false,0,true,#hash_3a10006612ad78ef,#,#,false,true,false,#,#,#,#,#,false
#defused_bomb,0,0,50,50,0,false,0,true,#hash_6eb23f983d7ea069,#medal_defused_bomb,#t7_hud_medal_defused_bomb,false,true,false,#gamemode,#,#,#,#,false
#defused_bomb_last_man_alive,0,0,50,50,0,false,0,false,#hash_6eb23f983d7ea069,#medal_defused_bomb_last_man_alive,#t7_hud_medal_defused_bomb_last_man_alive,false,true,false,#gamemode,#,#,#,#,false
#killed_bomb_planter,0,0,25,50,0,false,0,false,#hash_64994a65bcaf5739,#medal_killed_bomb_planter,#t7_hud_medal_killed_bomb_planter,false,true,false,#gamemode,#,#,#,#,false
#killed_bomb_defuser,0,0,25,50,0,false,0,false,#hash_106122109016c4fb,#medal_killed_bomb_defuser,#t7_hud_medal_killed_bomb_defuser,false,true,false,#gamemode,#,#,#,#,false
#bomb_detonated,0,0,75,50,0,false,0,true,#hash_76280c7908d93a15,#medal_bomb_detonated,#t7_hud_medal_bomb_detonated,false,true,false,#gamemode,#,#,#,#,false
#final_kill_elimination,0,0,25,50,0,false,0,false,#hash_3182fe20b3bca089,#,#,false,true,false,#,#,#,#,#,false
#elimination_and_last_player_alive,0,0,0,50,0,false,0,false,#,#medal_elimination_and_last_player_alive,#t7_hud_medal_elimination_and_last_player_alive,false,true,false,#gamemode,#,#,#,#,false
#flag_grab,0,0,25,50,0,false,0,false,#hash_23abb863dec06647,#,#,false,true,false,#,#,#,#,#,false
#flag_capture,0,0,75,50,0,false,0,false,#hash_23ed5067f54750b9,#medal_flag_capture,#t7_hud_medal_flag_capture,false,true,false,#gamemode,#,#,#,#,false
#flag_return,0,0,25,50,0,false,0,false,#hash_67076d434dba3af7,#,#,false,true,false,#,#,#,#,#,false
#flag_carrier_kill_return_close,0,0,25,50,0,false,0,false,#hash_3e4268feb64171cc,#medal_flag_carrier_kill_return_close,#t7_hud_medal_flag_carrier_kill_return_close,false,true,false,#gamemode,#,#,#,#,false
#defend_flag_carrier,0,0,25,50,0,false,0,false,#hash_10b5c48ac18a786a,#,#,false,true,false,#,#,#,#,#,false
#killed_enemy_while_carrying_flag,0,0,25,50,0,false,0,false,#hash_3fc29c1a44f647d9,#medal_killed_enemy_while_carrying_flag,#t7_hud_medal_killed_enemy_while_carrying_flag,false,true,false,#gamemode,#,#,#,#,false
#rescue_flag_carrier,0,0,25,50,0,false,0,false,#hash_726ce34882655a19,#,#,false,true,false,#,#,#,#,#,false
#kill_flag_carrier,0,0,25,50,0,false,0,false,#hash_1adbab93883a7682,#medal_kill_flag_carrier,#t7_hud_medal_kill_flag_carrier,false,true,false,#gamemode,#,#,#,#,false
#war_capture_progress,0,0,100,50,0,false,0,true,#hash_3515bf1abb92c839,#,#,false,false,false,#,#,#,#,#,false
#war_captured_zone,0,42,200,50,0,false,0,true,#hash_14097df93be54ea,#medal_war_captured_zone,#medal_war_captured_zone,false,false,false,#,#,#,#,#,false
#war_killed_attacker_in_zone,0,42,25,0,0,false,0,true,#hash_50ff391c7a60db,#medal_war_killed_attacker_in_zone,#medal_war_killed_attacker_in_zone,false,false,false,#,#,#,#,#,false
#war_killed_defender_in_zone,0,0,25,0,0,false,0,true,#hash_7d708140005a1df7,#,#,false,false,false,#,#,#,#,#,false
#hash_106186bebd3134fe,0,0,0,0,0,false,0,false,#,#,#hash_3d32443ae5ebf872,false,true,true,#,#ability,#,#minor,#,false
#hash_4d28f899d6cdfe9a,0,50,0,50,15,false,2,false,#,#,#hash_2a8eb555b551e69e,false,true,true,#,#ability,#,#core,#,false
#hash_5269b056b6392fa5,0,10,0,15,2,false,1,false,#,#,#hash_5a6f7e9687c1a6e9,false,true,true,#,#ability,#,#core,#,true
#hash_1081067e8a6c05cf,0,100,0,50,15,false,0,false,#,#,#hash_691de8aad5059d4b,false,true,true,#,#ability,#,#core,#,false
#hash_5f16e6aac9feac6a,0,25,0,25,5,false,0,false,#,#,#hash_48a9d6d210c6c206,false,true,true,#,#ability,#,#core,#,false
#hash_3b2ab7ac3384d635,0,50,0,50,15,false,0,false,#,#,#hash_750509cd68c8d5b9,false,true,true,#,#ability,#,#core,#,false
#battle_shield_kill,0,50,50,50,15,false,8,false,#hash_326997583fdb3b4e,#,#hash_77203723142c8eb2,false,true,true,#,#ability,#,#core,#,false
#hash_1e828d6b4b0ab8a2,0,10,0,50,15,false,2,false,#,#,#hash_38bc8e2c69f119c6,false,true,true,#,#ability,#,#core,#,false
#hash_469a6bd25d9f6219,0,25,5,15,2,false,1,false,#hash_534a387147cf0ff4,#,#hash_41b84ee4c68b700d,false,true,true,#,#ability,#,#core,#,true
#hash_259a662d03bc8bdd,0,50,25,25,15,false,2,false,#hash_799762dbd0efc0c9,#,#hash_1484b423f4532769,false,true,true,#,#ability,#,#core,#,false
#hash_6c4644d1e7a533b0,0,100,0,75,20,false,2,false,#,#,#hash_5edf188df2bc01cc,false,true,true,#,#ability,#,#core,#,false
#hash_8d8a282932bf474,0,100,0,50,20,false,0,false,#,#,#hash_27beefc1a1438ff8,false,true,true,#,#ability,#,#major,#,false
#hash_21021d13c3c3c1da,0,75,0,25,20,false,0,false,#,#,#hash_4c4d5a13871ae98e,false,true,true,#,#ability,#,#major,#,false
#hash_21021e13c3c3c38d,0,100,0,50,20,false,0,false,#,#,#hash_4c4d5b13871aeb41,false,true,true,#,#ability,#,#major,#,false
#hash_21021713c3c3b7a8,0,125,0,50,25,false,0,false,#,#,#hash_4c4d5c13871aecf4,false,true,true,#,#ability,#,#major,#,false
#hash_21021813c3c3b95b,0,150,0,75,25,false,0,false,#,#,#hash_4c4d5d13871aeea7,false,true,true,#,#ability,#,#major,#,false
#hash_21021913c3c3bb0e,0,200,0,75,25,false,0,false,#,#,#hash_4c4d5e13871af05a,false,true,true,#,#ability,#,#major,#,false
#battle_shield_shutdown,0,100,50,25,0,false,5,false,#hash_e00ea71b3526b97,#,#hash_5a468a3d6c2c4937,false,true,false,#antispecialist,#general,#,#core,#,false
#hash_5284efd38e2b4fa5,0,25,0,10,5,false,0,false,#,#,#hash_71c072f058ff1e51,false,true,true,#,#equipment,#,#minor,#,false
#hash_1bfeb46b3442419e,0,0,0,0,0,false,0,false,#,#,#hash_354683587914f62a,false,true,true,#,#equipment,#,#core,#,false
#hash_7122f21b9c3034ec,0,50,0,75,15,false,2,false,#,#,#hash_7e59d8addcc37840,false,true,true,#,#equipment,#,#core,#,false
#hash_7f3e3baaa778f75e,0,100,0,75,20,false,2,false,#,#,#hash_619ebe7324209c82,false,true,true,#,#equipment,#,#core,#,false
#hash_35b87598fe829859,0,25,25,15,10,false,2,false,#hash_79e1d4c33db1c410,#,#hash_3ab0a598f4207ccd,false,true,true,#,#equipment,#,#core,#,false
#hash_187d1667109ed01d,0,50,25,15,15,false,2,false,#,#,#hash_15176d7187e80f29,false,true,true,#,#equipment,#,#core,#hash_35b87598fe829859,false
#hash_379fd5b53060d847,0,50,25,15,10,false,2,false,#hash_1c89b529fb254b37,#,#hash_13fe83d73e43370b,false,true,true,#,#equipment,#,#core,#,false
#hash_55fbb3df72448f7f,0,50,25,15,15,false,2,false,#,#,#hash_788b4c33b4deceb,false,true,true,#,#equipment,#,#core,#hash_379fd5b53060d847,false
#swat_grenade_kill_blinded_enemy,0,50,50,25,15,false,4,false,#,#,#hash_1f42060e6664337e,false,true,true,#,#equipment,#,#core,#hash_35b87598fe829859,false
#hash_589af3054011e798,0,50,50,25,15,false,4,false,#,#,#hash_474ba8b0c46166dc,false,true,true,#,#equipment,#,#core,#hash_379fd5b53060d847,false
#hash_16bb595fd1157377,0,50,50,25,15,false,4,false,#,#,#hash_2704dbf923b4c4b3,false,true,true,#,#equipment,#,#core,#hash_186e9b30bf116aa8,false
#hash_186e9b30bf116aa8,0,50,25,15,10,false,2,false,#hash_845a87d333e1805,#,#hash_18cf53e2f0d4a054,false,true,true,#,#equipment,#,#core,#,false
#hash_757113aa99d03ebe,0,50,25,15,15,false,2,false,#,#,#hash_65ab363c468e35b2,false,true,true,#,#equipment,#,#core,#hash_186e9b30bf116aa8,false
#hash_621ee1dcf1a8e1ec,0,25,0,25,5,false,0,false,#,#,#hash_128c4fc0a98ca068,false,true,true,#,#ultimate,#,#core,#,false
#hash_7e7146503217ca9c,0,25,0,25,10,false,0,false,#,#,#hash_117fa60254460520,false,true,true,#,#ultimate,#,#core,#,false
#hash_69a40144e52332f9,0,25,0,25,10,false,0,false,#,#,#hash_67c76603d7ec760d,false,true,true,#,#ultimate,#,#core,#,false
#hash_148111ed5c4b0a41,0,25,0,25,10,false,0,false,#,#,#hash_3563cc4647ba3655,false,true,true,#,#ultimate,#,#core,#,false
#hash_1f0ecf369a09e682,0,50,0,50,15,false,6,false,#,#,#hash_196e17d011c82ee6,false,true,true,#,#ultimate,#,#core,#,false
#swat_team_kill,0,25,25,25,15,false,2,false,#hash_64d99d34cbc5cba1,#,#hash_3506d118ef3f3a67,false,true,true,#,#ultimate,#,#core,#,false
#hash_4354132d097dcbcc,0,25,0,50,10,false,0,false,#,#,#hash_13f7e26714410910,false,true,true,#,#ultimate,#,#core,#,false
#hash_13756b6f000fb4e9,0,25,0,50,10,false,0,false,#,#,#hash_7e5be2a7fbdb3f15,false,true,true,#,#ultimate,#,#core,#,false
#hash_55171c41dbdecd03,0,25,0,25,10,false,0,false,#,#,#hash_69778e19b3a74e27,false,true,true,#,#ultimate,#,#core,#,false
#hash_6e3f6483b236180e,0,25,0,50,10,false,0,false,#,#,#hash_56a57a4279ccb5aa,false,true,true,#,#ultimate,#,#core,#,false
#hash_6598630e8ac7eb06,0,50,0,50,15,false,0,false,#,#,#hash_81906673324142a,false,true,true,#,#ultimate,#,#major,#,false
#hash_7caba8ab83b5373f,0,50,0,50,15,false,0,false,#,#,#hash_48c6f58a98130d7b,false,true,true,#,#ultimate,#,#major,#,false
#hash_25cbcadbbeb229d8,0,0,0,0,0,false,0,false,#,#,#hash_3c71408284e3b7b4,false,true,true,#,#ability,#,#minor,#,false
#hash_5b8fc5da2549b646,0,100,0,100,20,false,2,false,#,#,#hash_38b9830a0deee36a,false,true,true,#,#ability,#,#core,#,false
#hash_23d9e8274047a26c,0,50,0,75,15,false,2,false,#,#,#hash_11a35bd222759628,false,true,true,#,#ability,#,#core,#,false
#hash_105106dd53aec2e8,0,50,0,75,15,false,2,false,#,#,#hash_36cebc6c9f7ee664,false,true,true,#,#ability,#,#core,#,false
#hash_6dc455d52c5ac0d8,0,25,0,25,5,false,0,false,#,#,#hash_76770568410f403c,false,true,true,#,#ability,#,#core,#,false
#hash_5a0ba26fc228a9aa,0,25,0,25,15,false,2,false,#,#,#hash_6eaafed1a2f40796,false,true,true,#,#ability,#,#core,#,false
#war_machine_kill,0,25,50,75,15,false,8,false,#hash_112a36dabedf9e81,#,#hash_7a513510aaefe284,false,true,true,#,#ability,#,#core,#,false
#hash_3bf35c7f01e6580f,0,100,0,75,20,false,0,false,#,#,#hash_82c01e60babdc1b,false,true,true,#,#ability,#,#major,#,false
#hash_293c1ec5988c15c4,0,100,0,75,20,false,0,false,#,#,#hash_f6582c049f6df48,false,true,true,#,#ability,#,#major,#,false
#hash_259376d640142af8,0,75,0,50,20,false,0,false,#,#,#hash_13c98f0709fe0604,false,true,true,#,#ability,#,#major,#,false
#hash_259377d640142cab,0,100,0,75,20,false,0,false,#,#,#hash_13c9900709fe07b7,false,true,true,#,#ability,#,#major,#,false
#hash_25937cd64014352a,0,125,0,75,25,false,0,false,#,#,#hash_13c98d0709fe029e,false,true,true,#,#ability,#,#major,#,false
#hash_25937dd6401436dd,0,150,0,100,25,false,0,false,#,#,#hash_13c98e0709fe0451,false,true,true,#,#ability,#,#major,#,false
#hash_25937ad6401431c4,0,200,0,100,25,false,0,false,#,#,#hash_13c98b0709fdff38,false,true,true,#,#ability,#,#major,#,false
#war_machine_shutdown,0,100,0,25,0,false,5,false,#hash_3b99802c7de37e05,#,#t7_hud_medal_end_enemy_shooting_pineapplegun,false,true,false,#,#general,#,#core,#,false
#cluster_semtex_stick,0,50,50,25,15,false,2,false,#hash_66f34b3f7148892a,#,#hash_3a4edddbd2fd1d,false,true,true,#,#equipment,#,#core,#,false
#hash_f22da9627057277,0,0,0,0,0,false,0,false,#,#,#hash_76eb61b89479e71b,false,true,true,#,#equipment,#,#core,#,false
#hash_5d7eb0675a7d099f,0,50,0,25,15,false,2,false,#,#,#hash_503626d01c56adc3,false,true,true,#,#equipment,#,#core,#,false
#hash_104276604b28505,0,100,0,50,20,false,2,false,#,#,#hash_52a35dded4093911,false,true,true,#,#equipment,#,#core,#,false
#hash_7cd17f81766fd69d,0,25,0,25,15,false,1,false,#,#,#hash_6732d63c8fb15301,false,true,true,#,#equipment,#,#core,#,false
#hash_49cecb7e655b825b,0,0,0,5,15,false,0,false,#,#,#hash_578a8ad151508c77,false,true,true,#,#equipment,#,#minor,#,false
#cluster_semtex_kill,0,50,50,25,15,false,8,false,#hash_f1e2bd8df191fd3,#,#hash_31cac2f57d577153,false,true,true,#,#equipment,#,#core,#,false
#hash_5c246bea3654ec4b,0,50,0,25,15,false,2,false,#,#,#hash_2e98bfc5dc95733f,false,true,true,#,#equipment,#,#core,#,false
#hash_796f3f91aa7687b2,0,100,0,50,20,false,0,false,#,#,#hash_f3e98a2754e3346,false,true,true,#,#equipment,#,#major,#,false
#hash_4909c0d3cc10545,0,75,0,25,20,false,0,false,#,#,#hash_688f9d02c4d7fb29,false,true,true,#,#equipment,#,#major,#,false
#hash_4909b0d3cc10392,0,100,0,50,20,false,0,false,#,#,#hash_688f9c02c4d7f976,false,true,true,#,#equipment,#,#major,#,false
#hash_490960d3cc0fb13,0,125,0,50,25,false,0,false,#,#,#hash_688f9f02c4d7fe8f,false,true,true,#,#equipment,#,#major,#,false
#hash_490950d3cc0f960,0,150,0,75,25,false,0,false,#,#,#hash_688f9e02c4d7fcdc,false,true,true,#,#equipment,#,#major,#,false
#hash_490980d3cc0fe79,0,200,0,75,25,false,0,false,#,#,#hash_688fa102c4d801f5,false,true,true,#,#equipment,#,#major,#,false
#hash_309ee993be7f630d,0,50,0,50,15,false,0,false,#,#,#hash_67375afb6b665a1,false,true,true,#,#ultimate,#,#core,#,false
#hash_60ee304ed12451df,0,25,0,25,5,false,0,false,#,#,#hash_4aac27533d10ee13,false,true,true,#,#ultimate,#,#core,#,false
#hash_1ca6e8562f1e74db,0,0,0,25,5,false,0,false,#,#,#hash_100bbb002292caf,false,true,true,#,#ultimate,#,#core,#,false
#hash_63d3e067b2237e3f,0,50,50,50,15,false,2,false,#hash_46faf6f91049ff0,#,#hash_5c0a820cd357a24b,false,true,true,#,#ultimate,#,#core,#,false
#hash_106696e6f30377cb,0,50,0,50,15,false,0,false,#,#,#hash_2a77403dce10a817,false,true,true,#,#ultimate,#,#core,#,false
#hash_61c18238653eda1d,0,25,0,25,15,false,0,false,#,#,#hash_6390cc06241eda69,false,true,true,#,#ultimate,#,#core,#,false
#hash_79d48695f42ae32,0,100,0,150,20,false,0,false,#,#,#hash_473d4d821100e80e,false,true,true,#,#ultimate,#,#major,#,false
#hash_5768b8e50683f7c5,0,75,0,25,20,false,0,false,#,#,#hash_3f4aa3ef35f5cf11,false,true,true,#,#ultimate,#,#major,#,false
#hash_5768b7e50683f612,0,100,0,50,20,false,0,false,#,#,#hash_3f4aa2ef35f5cd5e,false,true,true,#,#ultimate,#,#major,#,false
#hash_5768b2e50683ed93,0,125,0,50,25,false,0,false,#,#,#hash_3f4aa5ef35f5d277,false,true,true,#,#ultimate,#,#major,#,false
#hash_5768b1e50683ebe0,0,150,0,75,25,false,0,false,#,#,#hash_3f4aa4ef35f5d0c4,false,true,true,#,#ultimate,#,#major,#,false
#hash_5768b4e50683f0f9,0,200,0,75,25,false,0,false,#,#,#hash_3f4aa7ef35f5d5dd,false,true,true,#,#ultimate,#,#major,#,false
#hash_de5d8ac6e655edd,0,25,0,25,5,false,0,false,#,#,#hash_71329071ad987571,false,true,true,#,#ability,#,#minor,#,false
#hash_92e69a31ef7d791,0,75,0,75,15,false,0,false,#,#,#hash_2abb18f7eaf2304d,false,true,true,#,#ability,#,#core,#,false
#hash_44ef0507da14394d,0,50,0,75,10,false,0,false,#,#,#hash_2a4bad30097809c9,false,true,true,#,#ability,#,#core,#,false
#hash_4240b9fbabfb1149,0,50,0,75,10,false,0,false,#,#,#hash_5a49f718dbbf3ecd,false,true,true,#,#ability,#,#core,#,false
#hash_6f694b2b22e62ac7,0,50,0,75,10,false,0,false,#,#,#hash_5c5ac5227ed41f5b,false,true,true,#,#ability,#,#core,#,false
#hash_55a3fbccd78a89de,0,50,0,75,10,false,0,false,#,#,#hash_3c8924fa6c1f41d2,false,true,true,#,#ability,#,#core,#,false
#hash_69dbfbd660f8c53e,0,25,25,25,2,false,0,false,#hash_10fbfaa2c954a9b1,#,#hash_287ada7b56e46c3a,false,true,true,#,#ability,#,#core,#,false
#hash_707b29867fba333d,0,10,25,10,0,false,1,false,#hash_617265d2c4d8d9ac,#,#,false,false,false,#,#general,#,#core,#,false
#hash_7abaaaadeb0ef038,0,25,25,25,5,false,0,false,#hash_3850375635b923f7,#,#hash_13cceb4f7811df94,false,true,true,#,#equipment,#,#core,#,false
#stim_regeneration,0,50,0,50,10,false,0,false,#,#,#hash_4e16bf89721884ae,false,true,true,#,#equipment,#,#core,#,false
#stim_assist,0,50,50,50,15,false,2,false,#hash_8c9442aefc7a56f,#,#hash_3253e8491e79f8b6,false,true,true,#,#equipment,#,#core,#,false
#stim_kill,0,50,50,100,15,false,8,false,#hash_1ed48be640c1e218,#,#hash_52a146216512bf11,false,true,true,#,#equipment,#,#core,#,false
#hash_59733ef5b1577277,0,50,50,75,15,false,2,false,#hash_1e1b489db7cd7f6,#,#hash_6135f0dea76ee813,false,true,true,#,#equipment,#,#core,#,false
#hash_7cb044c4460bce41,0,50,0,75,15,false,0,false,#,#,#hash_3dac7980a2ef29d5,false,true,true,#,#equipment,#,#core,#,false
#stim_vanguard,0,100,0,100,20,false,0,false,#,#,#hash_4b74ca9809264893,false,true,true,#,#equipment,#,#core,#,false
#hash_3b4d32020b5c5748,0,50,0,75,15,false,0,false,#,#,#hash_527b5eeee07b2c34,false,true,true,#,#equipment,#,#core,#,false
#hash_a681580959ce083,0,25,0,75,5,false,2,false,#,#,#hash_3f223c85d660342f,false,true,true,#,#ultimate,#,#core,#,false
#hash_71e8614b0264b4a3,0,50,0,75,10,false,0,false,#,#,#hash_549324671a91cb9f,false,true,true,#,#ultimate,#,#core,#,false
#hash_7b9ca33a815d45b7,0,50,0,75,15,false,0,false,#,#,#hash_32ef01c7b1e5f8ab,false,true,true,#,#ultimate,#,#core,#,false
#hash_3f873d939f909748,0,75,0,100,15,false,0,false,#,#,#hash_26a60ad62d3485c,false,true,true,#,#ultimate,#,#core,#,false
#hash_21ba6e1eb8789c00,0,50,0,75,15,false,0,false,#,#,#hash_67287553986a9e8c,false,true,true,#,#ultimate,#,#core,#,false
#hash_77ff350401a99242,0,100,0,100,20,false,0,false,#,#,#hash_1573cf500b2909fe,false,true,true,#,#ultimate,#,#core,#,false
#hash_58ad5ca31bc9322c,0,50,0,75,15,false,0,false,#,#,#hash_1e21a99dea131910,false,true,true,#,#ultimate,#,#core,#,false
#hash_485ce2133f501c17,0,25,0,25,5,false,0,false,#,#,#hash_7749377c7b529473,false,true,true,#,#ability,#,#minor,#,false
#radiation_field_radiating_enemy,0,25,5,50,2,false,2,false,#hash_5d65b0d99fdce098,#,#hash_4e068b884d317eee,false,true,true,#,#ability,#,#core,#,true
#radiation_field_assist,0,50,50,75,15,false,2,false,#hash_7d48535d8fe82ee1,#,#hash_56c9b3c55b457d3,false,true,true,#,#ability,#,#core,#,false
#radiation_field_kill,0,50,50,75,15,false,8,false,#hash_3e46a78452187382,#,#hash_184984d6b9d02644,false,true,true,#,#ability,#,#core,#,false
#hash_508ab107a010afcf,0,50,0,75,15,false,2,false,#,#,#hash_4ff334fe0094c703,false,true,true,#,#ability,#,#core,#,false
#hash_3d24cda425c6624c,0,50,0,75,15,false,2,false,#,#,#hash_6bc5fcd1af1f12e8,false,true,true,#,#ability,#,#core,#,false
#hash_25a59c026e2a4fb3,0,50,0,75,15,false,2,false,#,#,#hash_1cb6932cfee5bfa7,false,true,true,#,#ability,#,#core,#,false
#hash_5afabc1ba075e6af,0,100,0,75,20,false,0,false,#,#,#hash_77a3bad6934ad95b,false,true,true,#,#ability,#,#major,#,false
#hash_2ea1ed9555bd5958,0,75,0,50,20,false,0,false,#,#,#hash_4a0302b9fcef4944,false,true,true,#,#ability,#,#major,#,false
#hash_2ea1ee9555bd5b0b,0,100,0,75,20,false,0,false,#,#,#hash_4a0303b9fcef4af7,false,true,true,#,#ability,#,#major,#,false
#hash_2ea1f39555bd638a,0,125,0,75,25,false,0,false,#,#,#hash_4a0300b9fcef45de,false,true,true,#,#ability,#,#major,#,false
#hash_2ea1f49555bd653d,0,150,0,100,25,false,0,false,#,#,#hash_4a0301b9fcef4791,false,true,true,#,#ability,#,#major,#,false
#hash_2ea1f19555bd6024,0,200,0,100,25,false,0,false,#,#,#hash_4a02feb9fcef4278,false,true,true,#,#ability,#,#major,#,false
#radiation_field_shutdown,0,50,50,25,0,false,5,false,#hash_168647b96ac9d3b5,#,#hash_4a185f936dee8558,false,false,false,#hash_2b2cd28f5cd844cd,#general,#,#core,#,false
#hash_5c96d7b8aec1776a,0,0,0,25,5,false,0,false,#,#,#hash_3bf4af6f095a856e,false,true,true,#,#equipment,#,#minor,#,false
#hash_1343f5418bd52c6c,0,25,5,25,2,false,2,false,#hash_4956ceda68d39424,#,#hash_7a2b505b0f1650e0,false,true,true,#,#equipment,#,#core,#,true
#hash_44f1479acc8add5a,0,50,0,75,15,false,2,false,#,#,#hash_6729f68462cf1ad6,false,true,true,#,#equipment,#,#core,#,false
#hash_67e044453341ff9d,0,50,0,50,15,false,2,false,#,#,#hash_2058153c0a6abc31,false,true,true,#,#equipment,#,#core,#,false
#hash_2538a455b09914a,0,50,50,75,15,false,2,false,#hash_70935818450f42,#,#hash_51ad60282eb68476,false,true,true,#,#equipment,#,#core,#,false
#hash_735638f5199fc38d,0,50,50,75,15,false,8,false,#hash_75983161b92dad5,#,#hash_735d7c0d889a37d1,false,true,true,#,#equipment,#,#core,#,false
#hash_3f83749e54b487fd,0,0,0,0,0,false,0,false,#,#,#hash_2564d35ba09748f1,false,true,true,#,#equipment,#,#core,#,false
#hash_1a04d5dee8eaadcc,0,100,0,75,20,false,0,false,#,#,#hash_9c4873fb3f59620,false,true,true,#,#equipment,#,#major,#,false
#hash_7c62ccd07521550f,0,75,0,50,20,false,0,false,#,#,#hash_72c750f160264eb3,false,true,true,#,#equipment,#,#major,#,false
#hash_7c62cbd07521535c,0,100,0,75,20,false,0,false,#,#,#hash_72c74ff160264d00,false,true,true,#,#equipment,#,#major,#,false
#hash_7c62cad0752151a9,0,125,0,75,25,false,0,false,#,#,#hash_72c756f1602658e5,false,true,true,#,#equipment,#,#major,#,false
#hash_7c62c9d075214ff6,0,150,0,100,25,false,0,false,#,#,#hash_72c755f160265732,false,true,true,#,#equipment,#,#major,#,false
#hash_7c62c8d075214e43,0,200,0,100,25,false,0,false,#,#,#hash_72c754f16026557f,false,true,true,#,#equipment,#,#major,#,false
#dirty_bomb_kill,0,50,0,100,15,false,0,false,#,#,#hash_5768205f8a24e721,false,true,true,#,#ultimate,#,#core,#,false
#hash_76550e4eeadeb66a,0,25,0,75,5,false,0,false,#,#,#hash_57c597fa0460b73e,false,true,true,#,#ultimate,#,#core,#,false
#hash_1db41cb68cbbb84a,0,50,0,100,15,false,0,false,#,#,#hash_2209528fd149aec6,false,true,true,#,#ultimate,#,#core,#,false
#hash_5b7fde82fba5643,0,25,0,25,5,false,0,false,#,#,#hash_2da676bd932cd457,false,true,true,#,#ultimate,#,#core,#,false
#hash_7be4a0b10ed1a4bb,0,25,0,50,15,false,0,false,#,#,#hash_3de6421853c27e4f,false,true,true,#,#ultimate,#,#core,#,false
#hash_27a21f76884ba4e8,0,25,0,50,15,false,0,false,#,#,#hash_4cac642aa4ace764,false,true,true,#,#ultimate,#,#core,#,false
#hash_4a1d5e6767308c7e,0,50,0,100,15,false,0,false,#,#,#hash_6e3589b2ff2db942,false,true,true,#,#ultimate,#,#core,#,false
#hash_4393e4815a61cf3f,0,50,0,100,15,false,0,false,#,#,#hash_76f78339ca6e3b7b,false,true,true,#,#ultimate,#,#core,#,false
#hash_4eda9712837f069d,0,50,0,100,15,false,0,false,#,#,#hash_1412417b21767d61,false,true,true,#,#ultimate,#,#core,#,false
#hash_332ce28065b17ef7,0,100,0,150,20,false,0,false,#,#,#hash_7e3396a76dc72503,false,true,true,#,#ultimate,#,#core,#,false
#hash_10f54ed861ddaacc,0,100,0,150,20,false,0,false,#,#,#hash_3c85273a1e02d30,false,true,true,#,#ultimate,#,#major,#,false
#hash_2760062f7a2c6a0f,0,75,0,100,20,false,0,false,#,#,#hash_4eb612d9b8d57923,false,true,true,#,#ultimate,#,#major,#,false
#hash_2760052f7a2c685c,0,100,0,150,20,false,0,false,#,#,#hash_4eb611d9b8d57770,false,true,true,#,#ultimate,#,#major,#,false
#hash_2760042f7a2c66a9,0,125,0,150,25,false,0,false,#,#,#hash_4eb618d9b8d58355,false,true,true,#,#ultimate,#,#major,#,false
#hash_2760032f7a2c64f6,0,150,0,250,25,false,0,false,#,#,#hash_4eb617d9b8d581a2,false,true,true,#,#ultimate,#,#major,#,false
#hash_2760022f7a2c6343,0,200,0,250,25,false,0,false,#,#,#hash_4eb616d9b8d57fef,false,true,true,#,#ultimate,#,#major,#,false
#purifier_kill,0,50,50,100,15,false,4,false,#hash_6d0622ece174cbf9,#,#,false,true,true,#,#ultimate,#,#core,#,false
#hash_7c1c79a1f9df863b,0,25,0,25,5,false,0,false,#,#,#hash_1e90488fdc886167,false,true,true,#,#ability,#,#core,#,false
#hash_45c869d6a4863545,0,50,0,100,10,false,2,false,#,#,#hash_79adb2200c562d1,false,true,true,#,#ability,#,#core,#,false
#attack_dog_kill,0,50,50,100,10,false,2,false,#hash_6ae11e1c0e3a745d,#,#hash_1fbd5ebed01c9331,false,true,true,#,#ability,#,#core,#,false
#hash_73dccdd8478763e4,0,50,0,50,10,false,2,false,#,#,#hash_7c822d421c078180,false,true,true,#,#ability,#,#core,#,false
#hash_1bf180f8945b240d,0,50,0,100,10,false,2,false,#,#,#hash_18de530dc81699d9,false,true,true,#,#,#,#,#,false
#hash_311efd790a112e84,0,100,0,150,15,false,0,false,#,#,#hash_3e195337075a1600,false,true,true,#,#ability,#,#major,#,false
#hash_629aa64fb8f1aec7,0,75,0,100,15,false,0,false,#,#,#hash_7538cde5ea7684d3,false,true,true,#,#ability,#,#major,#,false
#hash_629aa54fb8f1ad14,0,100,0,150,15,false,0,false,#,#,#hash_7538cce5ea768320,false,true,true,#,#ability,#,#major,#,false
#hash_629aa44fb8f1ab61,0,125,0,150,20,false,0,false,#,#,#hash_7538d3e5ea768f05,false,true,true,#,#ability,#,#major,#,false
#hash_629aa34fb8f1a9ae,0,150,0,250,20,false,0,false,#,#,#hash_7538d2e5ea768d52,false,true,true,#,#ability,#,#major,#,false
#hash_629aa24fb8f1a7fb,0,200,0,250,20,false,0,false,#,#,#hash_7538d1e5ea768b9f,false,true,true,#,#ability,#,#major,#,false
#attack_dog_shutdown,0,50,50,25,0,true,2,false,#hash_5b6c9258c15463be,#,#hash_6c32870ed96e47b5,false,false,false,#,#general,#,#core,#,false
#hash_3ebb81687fc929dd,0,25,0,25,5,false,0,false,#,#,#hash_5fb80004783ab29,false,true,true,#,#equipment,#,#core,#,false
#hash_5efde36dfa45e687,0,50,0,100,15,false,2,false,#,#,#hash_32e3c35e45d2242b,false,true,true,#,#equipment,#,#core,#,false
#hash_19de68f4d9ac3665,0,50,0,100,15,false,2,false,#,#,#hash_449c6f16c4e22959,false,true,true,#,#equipment,#,#core,#,false
#tripwire_ied_kill,0,50,50,100,15,false,4,false,#hash_3f37396a859483e9,#,#hash_e14a1dd55dff7e3,false,true,true,#,#equipment,#,#core,#,false
#hash_75d096f6ba64f45a,0,100,0,150,20,false,0,false,#,#,#hash_b195abb930a7696,false,true,true,#,#equipment,#,#major,#,false
#hash_b2a70d9381b0ced,0,75,0,100,20,false,0,false,#,#,#hash_24352cfb79b05959,false,true,true,#,#equipment,#,#major,#,false
#hash_b2a6fd9381b0b3a,0,100,0,150,20,false,0,false,#,#,#hash_24352bfb79b057a6,false,true,true,#,#equipment,#,#major,#,false
#hash_b2a6ad9381b02bb,0,125,0,150,25,false,0,false,#,#,#hash_24352efb79b05cbf,false,true,true,#,#equipment,#,#major,#,false
#hash_b2a69d9381b0108,0,150,0,250,25,false,0,false,#,#,#hash_24352dfb79b05b0c,false,true,true,#,#equipment,#,#major,#,false
#hash_b2a6cd9381b0621,0,200,0,250,25,false,0,false,#,#,#hash_243530fb79b06025,false,true,true,#,#equipment,#,#major,#,false
#hash_2150d242911dfe3d,0,100,25,10,0,true,1,false,#hash_6e0fc58d1fb4a0ac,#,#,false,false,false,#,#general,#,#core,#,false
#hash_74de5acc3771de28,0,25,0,25,5,false,0,false,#,#,#hash_4a97338c981fde8c,false,true,true,#,#ultimate,#,#core,#,false
#hash_21a4c903a35287ed,0,25,25,25,15,false,2,false,#hash_3e44ea6d3040e03b,#,#hash_2ad1369d445d4ed9,false,true,true,#,#ultimate,#,#core,#,false
#hash_43d9adeff42ff622,0,50,0,25,15,false,2,false,#,#,#hash_128e160aee9816f6,false,true,true,#,#ultimate,#,#core,#,false
#hash_32700f8463087681,0,50,0,25,15,false,2,false,#,#,#hash_d293a0d04ab53cd,false,true,true,#,#ultimate,#,#core,#,false
#hash_3ae3de6ee8551d11,0,100,0,50,20,false,0,false,#,#,#hash_1595dfebebb9f445,false,true,true,#,#ultimate,#,#major,#,false
#attack_chopper_kill,0,25,25,25,15,false,2,false,#hash_1ae6942fc2b0f77c,#,#hash_4e6c256a6f3758a,false,true,true,#,#ultimate,#,#core,#,false
#hash_3ce804166cb0cf72,0,75,0,25,20,false,0,false,#,#,#hash_6955598dc04fa476,false,true,true,#,#ultimate,#,#major,#,false
#hash_3ce805166cb0d125,0,100,0,50,20,false,0,false,#,#,#hash_69555a8dc04fa629,false,true,true,#,#ultimate,#,#major,#,false
#hash_3ce7fe166cb0c540,0,125,0,50,25,false,0,false,#,#,#hash_69555b8dc04fa7dc,false,true,true,#,#ultimate,#,#major,#,false
#hash_3ce7ff166cb0c6f3,0,150,0,75,25,false,0,false,#,#,#hash_69555c8dc04fa98f,false,true,true,#,#ultimate,#,#major,#,false
#hash_3ce800166cb0c8a6,0,200,0,75,25,false,0,false,#,#,#hash_69555d8dc04fab42,false,true,true,#,#ultimate,#,#major,#,false
#attack_chopper_shutdown,0,50,50,25,0,false,2,false,#hash_7abe44ed8a9f250d,#,#t7_hud_medal_destroyed_helicopter_comlink,false,true,true,#antiscorestreak,#general,#,#core,#,false
#hash_358adedc7149abad,0,25,0,25,5,false,0,false,#,#,#hash_4f0eea93a3fc4b89,false,true,true,#,#ability,#,#core,#,false
#tempest_fired,0,0,0,0,15,false,0,false,#,#,#hash_71c2e72fd5be3aca,false,true,true,#,#ability,#,#minor,#,false
#hash_155971ff23a4355a,0,50,0,100,15,false,2,false,#,#,#hash_2375ae794c2f6646,false,true,true,#,#ability,#,#core,#hash_432c6a41f35cf76d,false
#hash_734904dd987c0f7a,0,50,50,100,15,false,4,false,#hash_1a09660f39662fab,#,#hash_7113ce5e90f4015e,false,true,true,#,#ability,#,#core,#hash_6f0ec202863eacd,false
#hash_43efbf850ad28bac,0,50,50,100,15,false,2,false,#hash_47844defb8c7fc78,#,#hash_2cd1701fba5466e0,false,true,true,#,#ability,#,#core,#hash_6f0ec202863eacd,false
#hash_6f0ec202863eacd,0,25,25,100,10,false,2,false,#hash_37a722e15f6ca95a,#,#hash_4e51a01055e2af41,false,true,true,#,#ability,#,#core,#,false
#hash_432c6a41f35cf76d,0,25,0,100,15,false,2,false,#,#,#hash_6038f5595c57c671,false,true,true,#,#ability,#,#core,#,false
#hash_3fa2a5c4752986cc,0,50,0,100,15,false,2,false,#,#,#hash_4b56e0d49ec5d390,false,true,true,#,#ability,#,#core,#,false
#hash_63875e0faf22e3af,0,50,0,100,10,false,2,false,#,#,#hash_1501ded15bfd09f3,false,true,true,#,#ability,#,#core,#hash_432c6a41f35cf76d,false
#hash_7025e8e716dcbe78,0,50,0,100,15,false,2,false,#,#,#hash_3065fdf098e57504,false,true,true,#,#ability,#,#core,#,false
#tempest_kill,0,25,50,100,15,false,8,false,#hash_1e661ce23276e973,#,#hash_6ce158711bcbf1fa,false,true,true,#,#ability,#,#core,#,false
#hash_412e112975c62ed9,0,100,0,150,20,false,0,false,#,#,#hash_2d09d44895662d75,false,true,true,#,#ability,#,#major,#,false
#hash_24bcf76a8013ee06,0,100,0,150,20,false,0,false,#,#,#hash_43d0ea385b12582a,false,true,true,#,#ability,#,#major,#,false
#hash_1ff9cffb9d62d81a,0,75,0,100,20,false,0,false,#,#,#hash_4e03069f78b40106,false,true,true,#,#ability,#,#major,#,false
#hash_1ff9d0fb9d62d9cd,0,100,0,150,20,false,0,false,#,#,#hash_4e03079f78b402b9,false,true,true,#,#ability,#,#major,#,false
#hash_1ff9c9fb9d62cde8,0,125,0,150,25,false,0,false,#,#,#hash_4e03089f78b4046c,false,true,true,#,#ability,#,#major,#,false
#hash_1ff9cafb9d62cf9b,0,150,0,250,25,false,0,false,#,#,#hash_4e03099f78b4061f,false,true,true,#,#ability,#,#major,#,false
#hash_1ff9cbfb9d62d14e,0,200,0,250,25,false,0,false,#,#,#hash_4e030a9f78b407d2,false,true,true,#,#ability,#,#major,#,false
#tempest_shutdown,0,100,0,25,0,false,4,false,#hash_6cb7240ca85367b7,#,#t7_hud_medal_end_enemy_shooting_lightning_gun,false,true,false,#,#general,#,#core,#,false
#hash_6ef8f2881c3f4e56,0,25,0,25,5,false,0,false,#,#,#hash_38bd0acaba0837e2,false,true,true,#,#equipment,#,#core,#,false
#hash_327ebab01a627019,0,50,0,100,15,false,2,false,#,#,#hash_12176743dc46422d,false,true,true,#,#equipment,#,#core,#hash_756538e449df1b6b,false
#hash_4ac9fd19e48be0aa,0,50,0,100,15,false,2,false,#,#,#hash_32de2511e83fc28e,false,true,true,#,#equipment,#,#core,#hash_756538e449df1b6b,false
#hash_756538e449df1b6b,0,25,0,100,10,false,2,false,#,#,#hash_2d84790b11a42a9f,false,true,true,#,#equipment,#,#core,#,false
#seeker_shock_mine_killed_paralyzed_enemy,0,50,50,100,15,false,8,false,#hash_1a09660f39662fab,#,#hash_5ea3de517094e68d,false,true,true,#,#equipment,#,#core,#seeker_shock_mine_paralyzed_enemy,false
#seeker_shock_mine_paralyze_assist,0,50,50,100,15,false,2,false,#hash_47844defb8c7fc78,#,#hash_5c73264a9a1383ae,false,true,true,#,#equipment,#,#core,#seeker_shock_mine_paralyzed_enemy,false
#seeker_shock_mine_paralyzed_enemy,0,25,25,100,10,false,2,false,#hash_37a722e15f6ca95a,#,#hash_59f396eb1dead9ef,false,true,true,#,#equipment,#,#core,#,false
#hash_2cc3287407441d3e,0,25,25,10,0,true,1,false,#hash_705d7813dd1e1775,#,#,false,false,false,#,#general,#,#core,#,false
#hash_30a50b2664ed4431,0,25,0,25,5,false,0,false,#,#,#hash_1e098ac87cc0311d,false,true,true,#,#ultimate,#,#core,#,false
#hash_43823736fa5890eb,0,25,0,100,15,false,0,false,#,#,#hash_58cef1fcc003fab7,false,true,true,#,#ultimate,#,#core,#,false
#tank_robot_kill,0,25,25,100,15,false,2,false,#hash_4e188d7a56a7a69b,#,#hash_4396cc1b1d124757,false,true,true,#,#ultimate,#,#core,#,false
#hash_71b502dd0e70e2be,0,50,0,150,20,false,0,false,#,#,#hash_414f2384a4664a1a,false,true,true,#,#ultimate,#,#major,#,false
#hash_6a83775bcf963621,0,25,0,100,20,false,0,false,#,#,#hash_233fda67880e45ad,false,true,true,#,#ultimate,#,#major,#,false
#hash_6a83765bcf96346e,0,50,0,150,20,false,0,false,#,#,#hash_233fd967880e43fa,false,true,true,#,#ultimate,#,#major,#,false
#hash_6a83795bcf963987,0,50,0,150,25,false,0,false,#,#,#hash_233fd467880e3b7b,false,true,true,#,#ultimate,#,#major,#,false
#hash_6a83785bcf9637d4,0,75,0,250,25,false,0,false,#,#,#hash_233fd367880e39c8,false,true,true,#,#ultimate,#,#major,#,false
#hash_6a837b5bcf963ced,0,75,0,250,25,false,0,false,#,#,#hash_233fd667880e3ee1,false,true,true,#,#ultimate,#,#major,#,false
#hash_51325a1b26628221,0,50,50,25,0,false,2,false,#hash_5877430187767cad,#,#hash_80ed03edb130528,true,true,true,#antiscorestreak,#general,#,#core,#,false
#hash_460160e4c5f2d9f3,0,25,0,25,5,false,0,false,#,#,#hash_7b359a6ce92866d7,false,true,true,#,#ability,#,#core,#,false
#hash_113b80cc209e45a,0,25,0,50,10,false,1,false,#,#,#hash_585c9e2c845de256,false,true,true,#,#ability,#,#core,#,false
#hash_7c14f9890b5a283f,0,50,0,25,15,false,2,false,#,#,#hash_29d47844d30cfbcb,false,true,true,#,#ability,#,#core,#hash_113b80cc209e45a,false
#hash_6aae5f71da60f368,0,50,0,50,15,false,2,false,#,#,#hash_471fc7c98ce24a0c,false,true,true,#,#ability,#,#core,#hash_113b80cc209e45a,false
#hash_5fa940b319171088,0,25,0,50,10,false,1,false,#,#,#hash_1469d0ddae22b9f4,false,true,true,#,#ability,#,#core,#,false
#vision_pulse_assist,0,50,25,50,10,false,0,false,#hash_1c0e9dd8921fe82,#,#hash_b8c7f2f39bbb7cf,false,true,true,#,#ability,#,#core,#hash_5fa940b319171088,false
#vision_pulse_kill,0,50,50,50,15,false,0,false,#hash_e5c859ac2fb0715,#,#hash_2cb3c24452ded778,false,true,true,#,#ability,#,#core,#hash_5fa940b319171088,false
#hash_26b81ac284ee6db,0,100,0,100,20,false,0,false,#,#,#hash_111fc3010d8babef,false,true,true,#,#ability,#,#major,#,false
#hash_313ab3da993aeac4,0,75,0,50,20,false,0,false,#,#,#hash_38aaba5c7c8a1e98,false,true,true,#,#ability,#,#major,#,false
#hash_313ab4da993aec77,0,100,0,75,20,false,0,false,#,#,#hash_38aabb5c7c8a204b,false,true,true,#,#ability,#,#major,#,false
#hash_313ab1da993ae75e,0,125,0,75,25,false,0,false,#,#,#hash_38aac05c7c8a28ca,false,true,true,#,#ability,#,#major,#,false
#hash_313ab2da993ae911,0,150,0,100,25,false,0,false,#,#,#hash_38aac15c7c8a2a7d,false,true,true,#,#ability,#,#major,#,false
#hash_313aafda993ae3f8,0,200,0,100,25,false,0,false,#,#,#hash_38aabe5c7c8a2564,false,true,true,#,#ability,#,#major,#,false
#vision_pulse_shutdown,0,100,50,25,0,false,5,false,#hash_2633fdefbfa8073,#,#t7_hud_medal_kill_enemy_that_pulsed_you,false,true,false,#antispecialist,#general,#,#core,#,false
#hash_345d31956dd3941c,0,25,0,25,5,false,0,false,#,#,#hash_41627944d8ef25a0,false,true,true,#,#equipment,#,#core,#,false
#hash_5a79ad74b320a0cc,0,25,0,50,5,false,2,false,#,#,#hash_2a823d19a2145030,false,true,true,#,#equipment,#,#core,#,false
#sensor_dart_assist,0,50,50,50,10,false,2,false,#hash_6dd252df0844167a,#,#hash_32cd5c146fbffac5,false,true,true,#,#equipment,#,#core,#,false
#sensor_dart_kill,0,50,50,50,10,false,4,false,#hash_522151067d0735bd,#,#hash_7fa4841c1b6f0c5e,false,true,true,#,#equipment,#,#core,#,false
#hash_397da9a90adbacd5,0,100,0,100,15,false,0,false,#,#,#hash_89279de891e16a9,false,true,true,#,#equipment,#,#major,#,false
#hash_765a1d6e304e1c26,0,75,0,50,15,false,0,false,#,#,#hash_63fb7899a52efc4a,false,true,true,#,#equipment,#,#major,#,false
#hash_765a1e6e304e1dd9,0,100,0,75,15,false,0,false,#,#,#hash_63fb7999a52efdfd,false,true,true,#,#equipment,#,#major,#,false
#hash_765a1f6e304e1f8c,0,125,0,75,20,false,0,false,#,#,#hash_63fb7299a52ef218,false,true,true,#,#equipment,#,#major,#,false
#hash_765a206e304e213f,0,150,0,100,20,false,0,false,#,#,#hash_63fb7399a52ef3cb,false,true,true,#,#equipment,#,#major,#,false
#hash_765a216e304e22f2,0,200,0,100,20,false,0,false,#,#,#hash_63fb7499a52ef57e,false,true,true,#,#equipment,#,#major,#,false
#hash_4c5d3e163d180de8,0,50,25,10,0,false,2,false,#hash_3df5ccb46cd34c7b,#,#,false,false,false,#,#general,#,#core,#,false
#hash_84888f8e6e48713,0,25,0,25,5,false,0,false,#,#,#hash_5aadb3c89713cbb7,false,true,true,#,#ultimate,#,#core,#,false
#hash_378da28335ad7944,0,25,0,25,10,false,0,false,#,#,#hash_70b6c93f980bbe28,false,true,true,#,#ultimate,#,#core,#,false
#hash_84684b86a93fe56,0,50,0,50,15,false,0,false,#,#,#hash_6f5edce0bfd1bcfa,false,true,true,#,#ultimate,#,#major,#,false
#hash_a11ff7f353a8da4,0,25,0,25,15,false,0,false,#,#,#hash_5c9ced91a1ddcab8,false,true,true,#,#ultimate,#,#major,#,false
#hash_a12007f353a8f57,0,50,0,50,15,false,0,false,#,#,#hash_5c9cee91a1ddcc6b,false,true,true,#,#ultimate,#,#major,#,false
#hash_a11fd7f353a8a3e,0,50,0,50,20,false,0,false,#,#,#hash_5c9cf391a1ddd4ea,false,true,true,#,#ultimate,#,#major,#,false
#hash_a11fe7f353a8bf1,0,75,0,75,20,false,0,false,#,#,#hash_5c9cf491a1ddd69d,false,true,true,#,#ultimate,#,#major,#,false
#hash_a11fb7f353a86d8,0,75,0,75,20,false,0,false,#,#,#hash_5c9cf191a1ddd184,false,true,true,#,#ultimate,#,#major,#,false
#hash_618467805413007b,0,50,0,50,15,false,0,false,#,#,#hash_3c873b839e3099cf,false,true,true,#,#ultimate,#,#major,#,false
#hash_4437a1fc48cfe8c8,0,25,0,25,10,false,0,false,#,#,#hash_6a323275316e55ac,false,true,true,#,#ultimate,#,#core,#,false
#hash_4e5f3e83f22b769f,0,25,0,25,10,false,0,false,#,#,#hash_36ce3c9ae25afc6b,false,true,true,#,#ultimate,#,#core,#,false
#hash_2fad9386627b5ef4,0,25,0,25,10,false,0,false,#,#,#hash_327846b8f13e4e20,false,true,true,#,#ultimate,#,#core,#,false
#hash_71d9b9f7c255f2b1,0,25,0,50,10,false,0,false,#,#,#hash_1e3867e03a874e45,false,true,true,#,#ultimate,#,#core,#,false
#hash_125adb820e27b9f3,0,25,25,25,10,false,0,false,#hash_4ca38a1d983ff12c,#,#hash_3584e1f8793e52f,false,true,true,#,#ultimate,#,#core,#,false
#drone_squadron_kill,0,25,25,25,10,false,2,false,#hash_c80058a22256b5f,#,#hash_29763f6c6d07c2d8,false,true,true,#,#ultimate,#,#core,#,false
#hash_747df16f06908c6d,0,100,0,75,15,false,0,false,#,#,#hash_40f79734686fc841,false,true,true,#,#ability,#,#major,#,false
#hash_49259c7712df6c24,0,50,0,50,15,false,2,false,#,#,#hash_77ad8d6e9a24df18,false,true,true,#,#ability,#,#core,#,false
#hash_14222f379ed0ae3c,0,50,0,50,15,false,2,false,#,#,#hash_6930a1728237c238,false,true,true,#,#ability,#,#core,#,false
#gravity_slam_kill,0,25,50,50,15,false,8,false,#hash_27abd7ec98b7230c,#,#hash_4abb3b2c82e3bcb4,false,true,true,#,#ability,#,#core,#,false
#hash_3143df3bc8163c48,0,75,0,50,20,false,0,false,#,#,#hash_33696dda756cfd54,false,true,true,#,#ability,#,#major,#,false
#hash_3143e03bc8163dfb,0,100,0,75,20,false,0,false,#,#,#hash_33696eda756cff07,false,true,true,#,#ability,#,#major,#,false
#hash_3143e53bc816467a,0,125,0,75,25,false,0,false,#,#,#hash_33696bda756cf9ee,false,true,true,#,#ability,#,#major,#,false
#hash_3143e63bc816482d,0,150,0,100,25,false,0,false,#,#,#hash_33696cda756cfba1,false,true,true,#,#ability,#,#major,#,false
#hash_3143e33bc8164314,0,200,0,100,25,false,0,false,#,#,#hash_336969da756cf688,false,true,true,#,#ability,#,#major,#,false
#hash_5814e5b2ee30cc5a,0,0,0,10,5,false,0,false,#,#,#hash_f45deee9be76756,false,true,true,#,#ability,#,#minor,#,false
#hash_4de32dbae35808e7,0,25,0,25,5,false,0,false,#,#,#hash_4500b46700973963,false,true,true,#,#ability,#,#core,#,false
#gravity_slam_shutdown,0,100,50,25,50,false,5,false,#hash_3c96e8eba62ecfe3,#,#t7_hud_medal_end_enemy_gravity_spike_attack,true,true,false,#antispecialist,#general,#,#core,#,false
#hash_7f800980225dde9d,0,0,0,10,5,false,0,false,#,#,#hash_3a347a979752f969,false,true,true,#,#equipment,#,#core,#,false
#grapple_gun_kill,0,50,50,100,15,false,4,false,#hash_435fa7e1fd0d6431,#,#hash_654f8efdb3b1ca5a,false,true,true,#,#equipment,#,#core,#,false
#hash_a9d9b153aef8e1d,0,25,0,50,10,false,2,false,#,#,#hash_43b511e22c126309,false,true,true,#,#equipment,#,#core,#,false
#hash_24da61db26dd7a6a,0,50,0,100,15,false,2,false,#,#,#hash_59db22483753c266,false,true,true,#,#equipment,#,#core,#,false
#hash_1372606fe1391874,0,50,0,100,15,false,2,false,#,#,#hash_343b85efd3a1c840,false,true,true,#,#equipment,#,#core,#,false
#hash_3d508fd699e28f49,0,0,0,50,2,false,0,false,#,#,#hash_2280ee0b0ba3f7a5,false,true,true,#,#equipment,#,#core,#,false
#hash_1ead9df973de2aa8,0,25,0,75,5,false,0,false,#,#,#hash_292a108e70ffd28c,false,true,true,#,#equipment,#,#core,#,false
#hash_124df03b22097439,0,75,0,100,20,false,2,false,#hash_76219470cfa73402,#,#hash_143d18ae8882f285,false,true,true,#,#equipment,#,#major,#,false
#hash_68e9b409c97787b3,0,75,0,100,20,false,0,false,#,#,#hash_4146b7172dd7628f,false,true,true,#,#equipment,#,#major,#,false
#hash_68e9b309c9778600,0,100,0,150,20,false,0,false,#,#,#hash_4146b6172dd760dc,false,true,true,#,#equipment,#,#major,#,false
#hash_68e9ba09c97791e5,0,125,0,150,25,false,0,false,#,#,#hash_4146b5172dd75f29,false,true,true,#,#equipment,#,#major,#,false
#hash_68e9b909c9779032,0,150,0,250,25,false,0,false,#,#,#hash_4146b4172dd75d76,false,true,true,#,#equipment,#,#major,#,false
#hash_68e9b809c9778e7f,0,200,0,250,25,false,0,false,#,#,#hash_4146b3172dd75bc3,false,true,true,#,#equipment,#,#major,#,false
#hellstorm_missile_kill,0,50,50,75,15,false,2,false,#hash_6b1c2e52cb53651b,#,#hash_fe1512da699267d,false,true,true,#,#ultimate,#,#core,#,false
#hash_6cb29a0283377919,0,50,0,75,15,false,0,false,#,#,#hash_57e1d14da11ccb6d,false,true,true,#,#ultimate,#,#core,#,false
#hash_4f1ff959047355eb,0,100,0,100,15,false,0,false,#,#,#hash_599b739f0a536cc7,false,true,true,#,#ultimate,#,#core,#,false
#hash_4f86b8b7654eb9f3,0,50,0,75,15,false,0,false,#,#,#hash_2f8a1c6bb0c8bb8f,false,true,true,#,#ultimate,#,#core,#,false
#hash_5661b682c8a4167c,0,25,0,25,5,false,0,false,#,#,#hash_5f4d6d1159f29610,false,true,true,#,#ultimate,#,#core,#,false
#hash_67685f7cc35fcf58,0,100,0,100,20,false,0,false,#,#,#hash_5e05465c83cc0a7c,false,true,true,#,#ultimate,#,#major,#,false
#hash_23acc78cba069ab,0,75,0,75,20,false,0,false,#,#,#hash_5e7d80957dd7f99f,false,true,true,#,#ultimate,#,#major,#,false
#hash_23acb78cba067f8,0,100,0,100,20,false,0,false,#,#,#hash_5e7d7f957dd7f7ec,false,true,true,#,#ultimate,#,#major,#,false
#hash_23ad278cba073dd,0,125,0,100,25,false,0,false,#,#,#hash_5e7d7e957dd7f639,false,true,true,#,#ultimate,#,#major,#,false
#hash_23ad178cba0722a,0,150,0,150,25,false,0,false,#,#,#hash_5e7d7d957dd7f486,false,true,true,#,#ultimate,#,#major,#,false
#hash_23ad078cba07077,0,200,0,150,25,false,0,false,#,#,#hash_5e7d7c957dd7f2d3,false,true,true,#,#ultimate,#,#major,#,false
#hash_78f3c387b1c8cdfd,0,25,0,25,5,false,0,false,#,#,#hash_66d2048ea40ed849,false,true,true,#,#ability,#,#core,#,false
#hash_578b6ae777493ad2,0,50,0,50,15,false,0,false,#,#,#hash_23471bbb7255c606,false,true,true,#,#ability,#,#core,#,false
#hash_5b6ccc4af12a6959,0,50,0,50,15,false,0,false,#,#,#hash_42f5aeee2500861d,false,true,true,#,#ability,#,#core,#,false
#hash_1c12195e708977c5,0,50,0,50,15,false,0,false,#,#,#hash_564f764b718d29c9,false,true,true,#,#ability,#,#core,#,false
#hash_39926f44fa76b382,0,50,0,75,15,false,2,false,#,#,#hash_6e6ba3664baf8cde,false,true,true,#,#ability,#,#core,#,false
#hash_30ed8d111f4f5445,0,15,0,50,5,false,0,false,#,#,#hash_bee75ca883e9571,false,true,true,#,#ability,#,#core,#,false
#battle_command_ultimate_command,0,50,0,50,10,false,0,false,#,#,#hash_536e31b490d23f97,false,true,true,#,#ability,#,#core,#,false
#hash_3d7b27350807786b,0,50,0,50,15,false,2,false,#,#,#hash_65a580cf67d916a7,false,true,true,#,#ability,#,#core,#,false
#hash_243cfeb6541dcfe0,0,100,0,75,20,false,0,false,#,#,#hash_5eaa4354bb459184,false,true,true,#,#ability,#,#core,#,false
#spawn_beacon_insertion,0,25,50,10,2,false,0,false,#hash_3f58f012c88cb9b0,#,#hash_5010699f7884aafb,false,true,true,#,#equipment,#,#minor,#,false
#hash_fed8e8ed841b0a,0,50,0,25,15,false,0,false,#,#,#hash_5f390ccf7002b7ae,false,true,true,#,#equipment,#,#core,#,false
#hash_5ce122c3419f6a58,0,100,0,25,20,false,0,false,#,#,#hash_1d6a33041d0c336c,false,true,true,#,#equipment,#,#core,#,false
#hash_6d50148b25729f38,0,25,25,15,5,false,0,false,#hash_4042d46613f46cb,#,#hash_2c58f40e981c35a4,false,true,true,#,#equipment,#,#core,#,false
#hash_62131f4647f7c61a,0,50,0,25,15,false,2,false,#,#,#hash_3de0f6056eb07666,false,true,true,#,#equipment,#,#core,#,false
#hash_2e15a241d007793d,0,50,0,25,15,false,0,false,#,#,#hash_61f3d684c649071,false,true,true,#,#equipment,#,#core,#,false
#hash_1dccfbf492ca78df,0,25,25,25,5,false,0,false,#hash_58b016fa00386120,#,#hash_6327fbfb49bb1c1b,false,true,true,#,#equipment,#,#core,#,false
#hash_17705bbdbf8cf23a,0,50,0,25,15,false,0,false,#,#,#hash_58cf489ee703c1fe,false,true,true,#,#equipment,#,#core,#,false
#hash_7315b3f547cad8a7,0,100,0,50,20,false,0,false,#,#,#hash_7232d243768b6a2b,false,true,true,#,#equipment,#,#major,#,false
#hash_22cded477872e62,0,75,0,25,20,false,0,false,#,#,#hash_621ec38a0aeca7ee,false,true,true,#,#equipment,#,#epic,#,false
#hash_22cdfd477873015,0,100,0,50,20,false,0,false,#,#,#hash_621ec48a0aeca9a1,false,true,true,#,#equipment,#,#minor,#,false
#hash_22cd8d477872430,0,125,0,50,25,false,0,false,#,#,#hash_621ec58a0aecab54,false,true,true,#,#equipment,#,#normal,#,false
#hash_22cd9d4778725e3,0,150,0,75,25,false,0,false,#,#,#hash_621ec68a0aecad07,false,true,true,#,#equipment,#,#major,#,false
#hash_22cdad477872796,0,200,0,75,25,false,0,false,#,#,#hash_621ec78a0aecaeba,false,true,true,#,#equipment,#,#epic,#,false
#annihilator_fired,0,0,0,0,0,false,0,false,#,#,#hash_535d825bc8d2214b,false,true,true,#,#ultimate,#,#core,#,false
#hash_5e69a863008f311,0,50,0,100,15,false,2,false,#,#,#hash_686f00b14820673d,false,true,true,#,#ultimate,#,#core,#,false
#hash_6c144d8ad5707714,0,25,0,25,5,false,0,false,#,#,#hash_74a6d815dd637e80,false,true,true,#,#ultimate,#,#core,#,false
#hash_38ce4ad6f4be82b8,0,50,0,100,15,false,2,false,#,#,#hash_69481d8845c13c74,false,true,true,#,#ultimate,#,#core,#,false
#annihilator_kill,0,50,50,100,15,false,6,false,#hash_66530765f5e29eae,#,#hash_678029bc3d357e6d,false,true,true,#,#ultimate,#,#core,#,false
#hash_71d963d803cadc19,0,50,0,100,15,false,2,false,#,#,#hash_205f11782e9c1a05,false,true,true,#,#ultimate,#,#core,#,false
#annihilator_vanguard,0,50,0,150,20,false,0,false,#,#,#hash_5791d725a18374d7,false,true,true,#,#ultimate,#,#core,#,false
#hash_a601e989956b859,0,100,0,100,20,false,0,false,#,#,#hash_3af06c0289b7235d,false,true,true,#,#ultimate,#,#major,#,false
#hash_f4bde90827f3ec0,0,100,0,100,20,false,0,false,#,#,#hash_7f9222e30204c62c,false,true,true,#,#ultimate,#,#major,#,false
#annihilator_multikill_2,0,75,0,100,20,false,0,false,#,#,#hash_5ae5a106d8c32d2f,false,true,true,#,#ultimate,#,#major,#,false
#hash_3facac9d2ca8de0,0,100,0,75,20,false,0,false,#,#,#hash_5ae5a006d8c32b7c,false,true,true,#,#ultimate,#,#major,#,false
#hash_3fad1c9d2ca99c5,0,125,0,100,25,false,0,false,#,#,#hash_5ae59f06d8c329c9,false,true,true,#,#ultimate,#,#major,#,false
#hash_3fad0c9d2ca9812,0,150,0,100,25,false,0,false,#,#,#hash_5ae59e06d8c32816,false,true,true,#,#ultimate,#,#major,#,false
#hash_3facfc9d2ca965f,0,200,0,250,25,false,0,false,#,#,#hash_5ae59d06d8c32663,false,true,true,#,#ultimate,#,#major,#,false
#annihilator_shutdown,0,100,50,25,50,false,5,false,#hash_20db9d30f95ad37c,#,#t7_hud_medal_end_enemy_shooting_annihilator,false,true,false,#,#general,#,#core,#,false
#hash_2a95c5fc91493e59,0,25,50,15,5,false,0,false,#hash_2f6f403a949082b2,#,#hash_7b28dc82d4bf9435,false,true,true,#,#ability,#,#core,#,false
#hash_6295631386059dd8,0,50,0,15,15,false,2,false,#,#,#hash_3d79278c2813da8c,false,true,true,#,#ability,#,#core,#,false
#hash_5a30597611e32603,0,50,0,15,15,false,2,false,#,#,#hash_69546e25476beabf,false,true,true,#,#ability,#,#core,#,false
#deployable_cover_assist,0,50,50,15,15,false,2,false,#hash_1a088d90e8aa5389,#,#hash_7fd11e1ae9e55e6c,false,true,true,#,#ability,#,#core,#,false
#deployable_cover_kill,0,50,50,15,15,false,8,false,#hash_7c3af08c059fb67a,#,#hash_1d252f98a0d34c9f,false,true,true,#,#ability,#,#core,#,false
#hash_50390913cfd79b7f,0,15,0,15,2,false,0,false,#,#,#hash_3f575c455f39792b,false,true,true,#,#ability,#,#core,#,false
#hash_249f72c6ac820e06,0,100,0,25,20,false,0,false,#,#,#hash_56516f8f11f9c792,false,true,true,#,#ability,#,#major,#,false
#hash_7d4d96c3254a72e9,0,75,0,15,20,false,0,false,#,#,#hash_40c3ddb7d237da65,false,true,true,#,#ability,#,#major,#,false
#hash_7d4d95c3254a7136,0,100,0,25,20,false,0,false,#,#,#hash_40c3dcb7d237d8b2,false,true,true,#,#ability,#,#major,#,false
#hash_7d4d98c3254a764f,0,125,0,25,25,false,0,false,#,#,#hash_40c3d7b7d237d033,false,true,true,#,#ability,#,#major,#,false
#hash_7d4d97c3254a749c,0,150,0,50,25,false,0,false,#,#,#hash_40c3d6b7d237ce80,false,true,true,#,#ability,#,#major,#,false
#hash_7d4d9ac3254a79b5,0,200,0,50,25,false,0,false,#,#,#hash_40c3d9b7d237d399,false,true,true,#,#ability,#,#major,#,false
#deployable_cover_shutdown,0,10,50,25,0,true,1,false,#hash_1b03ba0410f80b90,#,#hash_4d672fbbe7bdaf00,false,true,false,#specialist,#general,#,#core,#,false
#hash_729785a4c949b972,0,25,25,25,5,false,0,false,#hash_299688f6e552e138,#,#hash_216ba0ed46134ee6,false,true,true,#,#equipment,#,#core,#,false
#concertina_wire_snared_kill,0,50,0,50,15,false,8,false,#,#,#hash_53a97892d3fe4ab8,false,true,true,#,#equipment,#,#core,#,false
#hash_6b879db6105880db,0,25,0,25,5,false,0,false,#,#,#hash_461f60d25ae31757,false,true,true,#,#equipment,#,#core,#,false
#hash_6f9a51ee15fcd89a,0,75,0,50,20,false,2,false,#,#,#hash_6c3bf981dbeb9c8e,false,true,true,#,#equipment,#,#core,#,false
#hash_152856ae19af395b,0,50,0,50,15,false,0,false,#,#,#hash_74bf72a99ae7928f,false,true,true,#,#equipment,#,#core,#,false
#hash_5af9a88ab86a7584,0,50,0,50,15,false,2,false,#,#,#hash_46afea1fd4306918,false,true,true,#,#equipment,#,#core,#,false
#hash_1064f35dc65e1513,0,50,0,50,15,false,2,false,#,#,#hash_4ab58ffb9c30446f,false,true,true,#,#equipment,#,#core,#,false
#hash_78f0ad7688b6a7d8,0,50,0,50,15,false,2,false,#,#,#hash_1ed818cd3a955544,false,true,true,#,#equipment,#,#core,#,false
#concertina_wire_assist,0,50,0,50,15,false,0,false,#,#,#hash_52b033a0801af9a3,false,true,true,#,#equipment,#,#core,#,false
#concertina_wire_kill,0,50,0,50,15,false,0,false,#hash_41bbc0d59f8fc673,#,#hash_1f0927ea97f7f4d4,false,true,true,#,#equipment,#,#core,#,false
#hash_4ccb940ea15047ba,0,10,50,10,0,false,1,false,#hash_72b34caee6bce929,#,#,false,false,false,#,#general,#,#core,#,false
#hash_464a0580d04f38d6,0,50,0,5,10,false,0,false,#,#,#hash_30e42fadf5c7486a,false,true,true,#,#ultimate,#,#core,#,false
#hash_6692a86e703baa31,0,50,0,5,10,false,0,false,#,#,#hash_49b1ce7f36d2a8ad,false,true,true,#,#ultimate,#,#core,#,false
#hash_2970d8110b55b276,0,25,25,5,10,false,0,false,#hash_6158efe0be7d5b3e,#,#hash_5e8f49cca79fa07a,false,true,true,#,#ultimate,#,#core,#,false
#automated_turret_kill,0,25,25,5,10,false,2,false,#hash_39b83ff23d252f69,#,#hash_486423725091afbd,false,true,true,#,#ultimate,#,#core,#,false
#hash_4e208782ebae1381,0,0,0,0,0,false,0,false,#,#,#hash_4c2da6de58f6f59d,false,true,true,#,#ultimate,#,#minor,#,false
#hash_17354ba280aff90c,0,50,0,5,10,false,0,false,#,#,#hash_5381946705bdba48,false,true,true,#,#ultimate,#,#core,#,false
#hash_490c37b1af58879,0,50,0,10,10,false,0,false,#,#,#hash_4f8788b9fa882db5,false,true,true,#,#ultimate,#,#core,#,false
#hash_68f5b7b763cae3f9,0,100,0,10,15,false,0,false,#,#,#hash_36c58a92df59c54d,false,true,true,#,#ultimate,#,#major,#,false
#hash_238275edccc118b3,0,75,0,5,15,false,0,false,#,#,#hash_19759a4169e6cd5f,false,true,true,#,#ultimate,#,#major,#,false
#hash_238274edccc11700,0,100,0,10,15,false,0,false,#,#,#hash_1975994169e6cbac,false,true,true,#,#ultimate,#,#major,#,false
#hash_23827bedccc122e5,0,125,0,10,20,false,0,false,#,#,#hash_1975984169e6c9f9,false,true,true,#,#ultimate,#,#major,#,false
#hash_23827aedccc12132,0,150,0,15,20,false,0,false,#,#,#hash_1975974169e6c846,false,true,true,#,#ultimate,#,#major,#,false
#hash_238279edccc11f7f,0,200,0,15,20,false,0,false,#,#,#hash_1975964169e6c693,false,true,true,#,#ultimate,#,#major,#,false
#hash_705b1d645aed3020,0,100,0,15,15,false,0,false,#,#,#hash_584557971c4f7c3c,false,true,true,#,#ultimate,#,#major,#,false
#automated_turret_vehicle_destruction,0,25,0,10,10,false,0,false,#,#,#hash_30afee93a5e6f658,false,true,true,#,#ultimate,#,#core,#,false
#hash_2539f9bd274ec91f,0,25,0,10,10,false,0,false,#,#,#hash_6b3f9aaa47a5cccb,false,true,true,#,#ultimate,#,#core,#,false
#hash_4bd0414cccdb7712,0,50,0,10,10,false,0,false,#,#,#hash_33f882844598f04e,false,true,true,#,#ultimate,#,#core,#,false
#hash_5000bde95565bc4b,0,50,0,10,10,false,0,false,#,#,#hash_146509043df2dcf,false,true,true,#,#ultimate,#,#core,#,false
#hash_d0d7aea424bc406,0,25,0,25,5,false,0,false,#,#,#hash_65e0c5d50d6cf9e2,false,true,true,#,#ultimate,#,#core,#,false
#hash_4768b9f8671445b3,0,50,50,25,0,false,2,false,#hash_784d2f32b95f045b,#,#hash_1b04a891fb9a57e9,false,false,false,#,#general,#,#core,#,false
