#kill,0,0,0,0,0,false,5,false,#hash_0,#hash_0,#hash_0,false,true,true,#hash_0,#hash_0,#hash_0,#hash_0,#hash_0,false,false,100,?0,43
#ekia,0,175,100,0,0,false,0,false,#hash_0,#stats_ekia,#hash_0,true,true,true,#hash_0,#hash_0,#hash_0,#hash_0,#hash_0,false,false,50,?0,0
#first_kill,0,500,0,0,0,false,0,false,#hash_0,#stats_first_kill,#medal_first_kill,true,true,false,#combat,#hash_0,#hash_0,#hash_0,#hash_0,false,false,0,?0,0
#headshot,0,100,0,0,0,false,2,false,#hash_0,#stats_headshot,#medal_headshot,true,true,true,#combat,#hash_0,#hash_0,#hash_0,#hash_0,false,false,0,?0,0
#assisted_suicide,0,100,0,0,0,false,0,false,#hash_0,#stats_assisted_suicide,#medal_assisted_suicide,true,true,true,#combat,#hash_0,#hash_0,#hash_0,#hash_0,false,false,0,?0,0
#longshot_kill,0,250,0,0,0,false,2,false,#hash_0,#stats_longshot_kill,#medal_longshot_kill,true,true,true,#combat,#hash_0,#hash_0,#hash_0,#hash_0,false,false,0,?0,0
#kill_enemy_one_bullet,0,100,0,0,0,false,0,false,#hash_0,#stats_kill_enemy_one_bullet,#medal_kill_enemy_one_bullet,true,true,true,#combat,#hash_0,#hash_0,#hash_0,#hash_0,false,false,0,?0,0
#kill_enemies_one_bullet,0,500,0,0,0,false,0,false,#hash_0,#stats_kill_enemies_one_bullet,#medal_kill_enemies_one_bullet,true,true,true,#combat,#hash_0,#hash_0,#hash_0,#hash_0,false,false,0,?0,0
#kill_enemy_who_has_high_score,0,100,0,0,0,false,0,false,#hash_0,#stats_kill_enemy_who_has_high_score,#medal_kill_enemy_who_has_high_score,true,true,false,#combat,#hash_0,#hash_0,#hash_0,#hash_0,false,false,0,?0,0
#uninterrupted_obit_feed_kills,0,250,0,0,0,false,0,false,#hash_0,#stats_uninterrupted_obit_feed_kills,#medal_uninterrupted_obit_feed_kills,true,true,true,#combat,#hash_0,#hash_0,#hash_0,#hash_0,false,false,0,?0,0
#kill_enemy_when_injured,0,100,0,0,0,false,0,false,#hash_0,#stats_kill_enemy_when_injured,#medal_kill_enemy_when_injured,true,true,false,#combat,#hash_0,#hash_0,#hash_0,#hash_0,false,false,0,?0,0
#comeback_from_deathstreak,0,100,0,0,0,false,0,false,#hash_0,#stats_comeback_from_deathstreak,#medal_comeback_from_deathstreak,true,true,false,#combat,#hash_0,#hash_0,#hash_0,#hash_0,false,false,0,?0,0
#revenge_kill,0,100,0,0,0,false,0,false,#hash_0,#stats_revenge_kill,#medal_revenge_kill,true,true,false,#combat,#hash_0,#hash_0,#hash_0,#hash_0,false,false,0,?0,0
#kill_enemy_after_death,0,100,0,0,0,false,0,false,#hash_0,#stats_kill_enemy_after_death,#medal_kill_enemy_after_death,true,true,false,#combat,#hash_0,#hash_0,#hash_0,#hash_0,false,false,0,?0,0
#kill_enemy_with_their_weapon,0,100,0,0,0,false,0,false,#hash_0,#stats_kill_enemy_with_their_weapon,#medal_kill_enemy_with_their_weapon,true,true,false,#combat,#hash_0,#hash_0,#hash_0,#hash_0,false,false,0,?0,0
#stop_enemy_killstreak,0,100,0,0,0,false,0,false,#hash_0,#stats_stop_enemy_killstreak,#medal_stop_enemy_killstreak,true,true,false,#combat,#hash_0,#hash_0,#hash_0,#hash_0,false,false,0,?0,0
#kill_enemy_who_killed_teammate,0,100,0,0,0,false,0,false,#hash_0,#stats_kill_enemy_who_killed_teammate,#medal_kill_enemy_who_killed_teammate,true,true,false,#combat,#hash_0,#hash_0,#hash_0,#hash_0,false,false,0,?0,0
#kill_enemy_injuring_teammate,0,100,0,0,0,false,0,false,#hash_0,#stats_kill_enemy_injuring_teammate,#medal_kill_enemy_injuring_teammate,true,true,false,#combat,#hash_0,#hash_0,#hash_0,#hash_0,false,false,0,?0,0
#melee_kill,0,0,0,0,0,false,0,false,#hash_0,#hash_0,#hash_0,true,true,true,#combat,#hash_0,#hash_0,#hash_0,#hash_0,false,false,0,?0,0
#backstabber_kill,0,100,0,0,0,false,0,false,#hash_0,#stats_backstabber_kill,#medal_backstabber_kill,true,true,true,#combat,#hash_0,#hash_0,#hash_0,#hash_0,false,false,0,?0,0
#kill_enemy_with_gunbutt,0,100,0,0,0,false,0,false,#hash_0,#stats_kill_enemy_with_gunbutt,#medal_kill_enemy_with_gunbutt,true,true,true,#combat,#hash_0,#hash_0,#hash_0,#hash_0,false,false,0,?0,0
#kill_enemy_with_fists,0,100,0,0,0,false,0,false,#hash_0,#stats_kill_enemy_with_fists,#medal_kill_enemy_with_fists,true,true,false,#combat,#hash_0,#hash_0,#hash_0,#hash_0,false,false,0,?0,0
#hash_7e54fa6e53910c4e,0,100,0,0,0,false,0,false,#hash_0,#stats_kill_enemy_while_flashed_slowed_stunned,#medal_kill_enemy_while_flashed_slowed_stunned,true,true,true,#combat,#hash_0,#hash_0,#hash_0,#hash_0,false,false,0,?0,0
#kill_enemy_after_switching_weapons,0,100,0,0,0,false,0,false,#hash_0,#stats_kill_enemy_after_switching_weapons,#medal_kill_enemy_after_switching_weapons,true,true,true,#combat,#hash_0,#hash_0,#hash_0,#hash_0,false,false,0,?0,0
#kill_enemy_while_sliding,0,100,0,0,0,false,0,false,#hash_0,#stats_kill_enemy_while_sliding,#medal_kill_enemy_while_sliding,true,true,true,#combat,#hash_0,#hash_0,#hash_0,#hash_0,false,false,0,?0,0
#traversal_kill,0,100,0,0,0,false,0,false,#hash_0,#stats_traversal_kill,#medal_traversal_kill,true,true,true,#combat,#hash_0,#hash_0,#hash_0,#hash_0,false,false,0,?0,0
#kill_enemy_with_armor,0,25,25,0,0,false,0,false,#hash_2ffde420d3a9ecf6,#stats_kill_enemy_with_armor,#hash_2523dc0ea4a12cdf,true,true,true,#combat,#hash_0,#hash_0,#hash_0,#hash_0,false,false,0,?0,0
#killstreak_2,0,0,0,0,0,false,0,false,#hash_0,#hash_6f33a2fe8817fdfa,#hash_0,true,false,false,#hash_0,#hash_0,#hash_0,#hash_0,#hash_0,false,false,0,?0,0
#killstreak_3,0,0,0,0,0,false,0,false,#hash_0,#hash_6f33a3fe8817ffad,#hash_0,true,false,false,#hash_0,#hash_0,#hash_0,#hash_0,#hash_0,false,false,0,?0,0
#killstreak_4,0,0,0,0,0,false,0,false,#hash_0,#hash_6f339cfe8817f3c8,#hash_0,true,false,false,#hash_0,#hash_0,#hash_0,#hash_0,#hash_0,false,false,0,?0,0
#killstreak_5,0,250,0,0,0,false,0,false,#hash_0,#hash_6f339dfe8817f57b,#medal_killstreak_5,true,true,false,#combat,#hash_0,#hash_0,#hash_0,#hash_0,false,false,0,?0,0
#killstreak_6,0,0,0,0,0,false,0,false,#hash_0,#hash_6f339efe8817f72e,#hash_0,true,false,false,#hash_0,#hash_0,#hash_0,#hash_0,#hash_0,false,false,0,?0,0
#killstreak_7,0,0,0,0,0,false,0,false,#hash_0,#hash_6f339ffe8817f8e1,#hash_0,true,false,false,#hash_0,#hash_0,#hash_0,#hash_0,#hash_0,false,false,0,?0,0
#killstreak_8,0,0,0,0,0,false,0,false,#hash_0,#hash_6f3398fe8817ecfc,#hash_0,true,false,false,#hash_0,#hash_0,#hash_0,#hash_0,#hash_0,false,false,0,?0,0
#killstreak_9,0,0,0,0,0,false,0,false,#hash_0,#hash_6f3399fe8817eeaf,#hash_0,true,false,false,#hash_0,#hash_0,#hash_0,#hash_0,#hash_0,false,false,0,?0,0
#killstreak_10,0,500,0,0,0,false,0,false,#hash_0,#hash_cb8ba8140c1fe35,#medal_killstreak_10,true,true,false,#combat,#hash_0,#hash_0,#hash_0,#hash_0,false,false,0,?0,0
#killstreak_11,0,0,0,0,0,false,0,false,#hash_0,#hash_cb8b98140c1fc82,#hash_0,true,false,false,#hash_0,#hash_0,#hash_0,#hash_0,#hash_0,false,false,0,?0,0
#killstreak_12,0,0,0,0,0,false,0,false,#hash_0,#hash_cb8b88140c1facf,#hash_0,true,false,false,#hash_0,#hash_0,#hash_0,#hash_0,#hash_0,false,false,0,?0,0
#killstreak_13,0,0,0,0,0,false,0,false,#hash_0,#hash_cb8b78140c1f91c,#hash_0,true,false,false,#hash_0,#hash_0,#hash_0,#hash_0,#hash_0,false,false,0,?0,0
#killstreak_14,0,0,0,0,0,false,0,false,#hash_0,#hash_cb8b68140c1f769,#hash_0,true,false,false,#hash_0,#hash_0,#hash_0,#hash_0,#hash_0,false,false,0,?0,0
#killstreak_15,0,500,0,0,0,false,0,false,#hash_0,#hash_cb8b58140c1f5b6,#medal_killstreak_15,true,true,false,#combat,#hash_0,#hash_0,#hash_0,#hash_0,false,false,0,?0,0
#killstreak_16,0,0,0,0,0,false,0,false,#hash_0,#hash_cb8b48140c1f403,#hash_0,true,false,false,#hash_0,#hash_0,#hash_0,#hash_0,#hash_0,false,false,0,?0,0
#killstreak_17,0,0,0,0,0,false,0,false,#hash_0,#hash_cb8b38140c1f250,#hash_0,true,false,false,#hash_0,#hash_0,#hash_0,#hash_0,#hash_0,false,false,0,?0,0
#killstreak_18,0,0,0,0,0,false,0,false,#hash_0,#hash_cb8c28140c20bcd,#hash_0,true,false,false,#hash_0,#hash_0,#hash_0,#hash_0,#hash_0,false,false,0,?0,0
#killstreak_19,0,0,0,0,0,false,0,false,#hash_0,#hash_cb8c18140c20a1a,#hash_0,true,false,false,#hash_0,#hash_0,#hash_0,#hash_0,#hash_0,false,false,0,?0,0
#killstreak_20,0,750,0,0,0,false,0,false,#hash_0,#hash_cbbc08140c43e3e,#medal_killstreak_20,true,true,false,#combat,#hash_0,#hash_0,#hash_0,#hash_0,false,false,0,?0,0
#killstreak_21,0,0,0,0,0,false,0,false,#hash_0,#hash_cbbc18140c43ff1,#hash_0,true,false,false,#hash_0,#hash_0,#hash_0,#hash_0,#hash_0,false,false,0,?0,0
#killstreak_22,0,0,0,0,0,false,0,false,#hash_0,#hash_cbbbe8140c43ad8,#hash_0,true,false,false,#hash_0,#hash_0,#hash_0,#hash_0,#hash_0,false,false,0,?0,0
#killstreak_23,0,0,0,0,0,false,0,false,#hash_0,#hash_cbbbf8140c43c8b,#hash_0,true,false,false,#hash_0,#hash_0,#hash_0,#hash_0,#hash_0,false,false,0,?0,0
#killstreak_24,0,0,0,0,0,false,0,false,#hash_0,#hash_cbbc48140c4450a,#hash_0,true,false,false,#hash_0,#hash_0,#hash_0,#hash_0,#hash_0,false,false,0,?0,0
#killstreak_25,0,1000,0,0,0,false,0,false,#hash_0,#hash_cbbc58140c446bd,#medal_killstreak_25,true,true,false,#combat,#hash_0,#hash_0,#hash_0,#hash_0,false,false,0,?0,0
#killstreak_26,0,0,0,0,0,false,0,false,#hash_0,#hash_cbbc28140c441a4,#hash_0,true,false,false,#hash_0,#hash_0,#hash_0,#hash_0,#hash_0,false,false,0,?0,0
#killstreak_27,0,0,0,0,0,false,0,false,#hash_0,#hash_cbbc38140c44357,#hash_0,true,false,false,#hash_0,#hash_0,#hash_0,#hash_0,#hash_0,false,false,0,?0,0
#killstreak_28,0,0,0,0,0,false,0,false,#hash_0,#hash_cbbb88140c430a6,#hash_0,true,false,false,#hash_0,#hash_0,#hash_0,#hash_0,#hash_0,false,false,0,?0,0
#killstreak_29,0,0,0,0,0,false,0,false,#hash_0,#hash_cbbb98140c43259,#hash_0,true,false,false,#hash_0,#hash_0,#hash_0,#hash_0,#hash_0,false,false,0,?0,0
#killstreak_30,0,1000,0,0,0,false,0,false,#hash_0,#hash_cbf468140c757c7,#medal_killstreak_30,true,true,false,#combat,#hash_0,#hash_0,#hash_0,#hash_0,false,false,0,?0,0
#killstreak_more_than_30,0,100,0,0,0,false,0,false,#hash_0,#hash_322aa9b44b1076c5,#medal_killstreak_more_than_30,true,true,false,#combat,#hash_0,#hash_0,#hash_0,#hash_0,false,false,0,?0,0
#multikill_2,0,100,0,0,0,false,3,false,#hash_0,#hash_636e4bd7c211f23f,#medal_multikill_2,true,true,false,#combat,#hash_0,#hash_0,#hash_0,#hash_0,false,false,0,?0,0
#multikill_3,0,250,0,0,0,false,3,false,#hash_0,#hash_636e4ad7c211f08c,#medal_multikill_3,true,true,false,#combat,#hash_0,#hash_0,#hash_0,#hash_0,false,false,0,?0,0
#multikill_4,0,500,0,0,0,false,3,false,#hash_0,#hash_636e49d7c211eed9,#medal_multikill_4,true,true,false,#combat,#hash_0,#hash_0,#hash_0,#hash_0,false,false,0,?0,0
#multikill_5,0,750,0,0,0,false,3,false,#hash_0,#hash_636e48d7c211ed26,#medal_multikill_5,true,true,false,#combat,#hash_0,#hash_0,#hash_0,#hash_0,false,false,0,?0,0
#multikill_6,0,1000,0,0,0,false,3,false,#hash_0,#hash_636e47d7c211eb73,#medal_multikill_6,true,true,false,#combat,#hash_0,#hash_0,#hash_0,#hash_0,false,false,0,?0,0
#multikill_7,0,1000,0,0,0,false,3,false,#hash_0,#hash_636e46d7c211e9c0,#medal_multikill_7,true,true,false,#combat,#hash_0,#hash_0,#hash_0,#hash_0,false,false,0,?0,0
#multikill_more_than_7,0,1000,0,0,0,false,3,false,#hash_0,#hash_469482ab3cbcb986,#medal_multikill_more_than_7,true,true,false,#combat,#hash_0,#hash_0,#hash_0,#hash_0,false,false,0,?0,0
#team_kill,0,0,0,0,0,false,0,false,#hash_0,#hash_0,#hash_0,false,false,false,#hash_0,#hash_0,#hash_0,#hash_0,#hash_0,false,false,0,?0,0
#death,0,0,0,0,0,false,0,false,#hash_0,#hash_0,#hash_0,false,false,false,#hash_0,#hash_0,#hash_0,#hash_0,#hash_0,false,false,0,?0,0
#suicide,0,0,0,0,0,false,0,false,#hash_0,#hash_0,#hash_0,false,false,false,#hash_0,#hash_0,#hash_0,#hash_0,#hash_0,false,false,0,?0,0
#hash_7c62ccd07521550f,0,100,0,0,0,false,0,false,#hash_0,#stats_molotov_multikill_x2_summary,#medal_molotov_multikill_x2_summary,true,true,false,#combat,#hash_0,#hash_0,#hash_0,#hash_0,false,false,0,?0,0
#molotov_kill,0,0,0,0,0,false,0,false,#hash_0,#hash_0,#hash_0,false,false,false,#hash_0,#hash_0,#hash_0,#hash_0,#hash_0,false,false,0,?0,0
#hash_6504afb1698bb9bc,0,0,0,0,0,false,0,false,#hash_0,#hash_0,#hash_0,false,false,false,#hash_0,#hash_0,#hash_0,#hash_0,#hash_0,false,false,0,?0,0
#hash_4edb96d5817acc7b,0,0,0,0,0,false,0,false,#hash_0,#hash_0,#hash_0,false,false,false,#hash_0,#hash_0,#hash_0,#hash_0,#hash_0,false,false,0,?0,0
#hash_392d85b53bb8733e,0,100,0,0,0,false,0,false,#hash_0,#stats_frag_multikill_x2_summary,#medal_frag_multikill_x2_summary,true,true,false,#combat,#hash_0,#hash_0,#hash_0,#hash_0,false,false,0,?0,0
#hash_662fbbd63e067395,0,0,0,0,0,false,0,false,#hash_0,#hash_0,#hash_0,false,false,false,#hash_0,#hash_0,#hash_0,#hash_0,#hash_0,false,false,0,?0,0
#hatchet_kill,0,100,0,0,0,false,0,false,#hash_0,#stats_hatchet_kill,#medal_hatchet_kill,true,true,false,#combat,#hash_0,#hash_0,#hash_0,#hash_0,false,false,0,?0,0
#bounce_hatchet_kill,0,500,0,0,0,false,0,false,#hash_0,#stats_bounce_hatchet_kill,#medal_bounce_hatchet_kill,true,true,false,#combat,#hash_0,#hash_0,#hash_0,#hash_0,false,false,0,?0,0
#trophy_defense,0,25,25,0,0,false,0,false,#hash_24da2389569c2729,#hash_0,#hash_0,false,true,false,#hash_0,#hash_0,#hash_0,#hash_0,#hash_0,false,false,0,?0,0
#trophy_system_kill,0,25,0,0,0,false,0,false,#hash_0,#hash_0,#hash_0,false,true,false,#hash_0,#hash_0,#hash_0,#hash_0,#hash_0,false,false,0,?0,0
#destroyed_trophy_system,0,0,25,0,0,false,0,false,#hash_11bceddc8c6da0c0,#hash_0,#hash_0,false,true,false,#hash_0,#hash_0,#hash_0,#hash_0,#hash_0,false,false,0,?0,0
#hash_7b589b3c0bd1a913,0,25,15,0,0,false,0,false,#hash_619e3d27fd0c8f96,#hash_0,#hash_0,false,true,false,#hash_0,#hash_0,#hash_0,#hash_0,#hash_0,false,false,0,?0,0
#hash_2719e22561441ed5,0,100,25,0,0,false,0,false,#hash_6327e920fe786a6b,#hash_0,#hash_0,false,true,false,#hash_0,#hash_0,#hash_0,#hash_0,#hash_0,false,false,0,?0,0
#hash_55c0e2f8f8f4f342,0,50,25,0,0,false,0,false,#hash_143e939772095dd0,#hash_0,#hash_0,false,true,false,#hash_0,#hash_0,#hash_0,#hash_0,#hash_0,false,false,0,?0,0
#hash_d68266070c54aa7,0,100,0,0,0,false,0,false,#hash_0,#stats_concussion_grenade_multikill_x2_summary,#medal_concussion_grenade_multikill_x2_summary,true,true,false,#combat,#hash_0,#hash_0,#hash_0,#hash_0,false,false,0,?0,0
#hash_35b87598fe829859,0,25,15,0,0,false,0,false,#hash_79e1d4c33db1c410,#hash_0,#hash_0,false,true,false,#hash_0,#hash_0,#hash_0,#hash_0,#hash_0,false,false,0,?0,0
#swat_grenade_kill_blinded_enemy,0,100,25,0,0,false,0,false,#hash_5eda7b9c747608c3,#stats_swat_grenade_kill_blinded_enemy,#hash_0,true,true,false,#hash_0,#hash_0,#hash_0,#hash_0,#hash_0,false,false,0,?0,0
#hash_50758e6ecb611127,0,50,25,0,0,false,0,false,#hash_5891ba1229f4f0c2,#stats_swat_grenade_assist,#hash_0,true,true,false,#hash_0,#hash_0,#hash_0,#hash_0,#hash_0,false,false,0,?0,0
#hash_63b75d5e59c12f69,0,100,25,0,0,false,0,false,#hash_59d86b19369f9aa,#hash_0,#hash_0,false,true,false,#hash_0,#hash_0,#hash_0,#hash_0,#hash_0,false,false,0,?0,0
#hash_6ec759f3f677ce10,0,100,0,0,0,false,0,false,#hash_0,#stats_swat_grenade_multikill_x2_summary,#hash_6c78e0cbefc520eb,true,true,false,#specialist,#hash_0,#hash_0,#hash_0,#hash_0,false,false,0,?0,0
#cluster_semtex_stick,0,100,0,0,0,false,0,false,#hash_0,#stats_cluster_semtex_stick,#medal_cluster_semtex_stick,true,true,false,#specialist,#hash_0,#hash_0,#hash_0,#hash_0,false,false,0,?0,0
#cluster_semtex_kill,0,100,0,0,0,false,0,false,#hash_0,#stats_cluster_semtex_kill,#hash_0,true,true,false,#hash_0,#hash_0,#hash_0,#hash_0,#hash_0,false,false,0,?0,0
#hash_4909c0d3cc10545,0,100,0,0,0,false,0,false,#hash_0,#stats_cluster_semtex_multikill_x2_summary,#medal_cluster_semtex_multikill_x2_summary,true,true,false,#specialist,#hash_0,#hash_0,#hash_0,#hash_0,false,false,0,?0,0
#hash_69dbfbd660f8c53e,0,50,25,0,0,false,0,false,#hash_10fbfaa2c954a9b1,#hash_0,#hash_0,false,true,false,#hash_0,#hash_0,#hash_0,#hash_0,#hash_0,false,false,0,?0,0
#golden_kill_bonus,0,100,25,0,0,false,0,false,#hash_4ec73f7297efe2e3,#stats_golden_kill_bonus,#hash_0,true,true,false,#hash_0,#hash_0,#hash_0,#hash_0,#hash_0,false,false,0,?0,0
#hash_7b62ccbe655dc08a,0,100,25,0,0,false,0,false,#hash_4ec73f7297efe2e3,#hash_0,#hash_0,false,true,false,#hash_0,#hash_0,#hash_0,#hash_0,#hash_0,false,false,0,?0,0
#hash_131b23d720fc82c3,0,0,0,0,0,false,0,false,#hash_466d6254312953b8,#stats_golden_ammo_bonus,#hash_0,true,true,false,#hash_0,#hash_0,#hash_0,#hash_0,#hash_0,false,false,0,?0,0
#hash_3f731ac2a7da28fe,0,100,0,0,0,false,0,false,#hash_0,#hash_3427f2d4181d570,#hash_1178edce0fee2d09,true,true,false,#specialist,#hash_0,#hash_0,#hash_0,#hash_0,false,false,0,?0,0
#radiation_field_radiating_enemy,0,10,25,0,0,false,0,false,#hash_5d65b0d99fdce098,#stats_radiation_field_radiating_enemy,#hash_0,true,true,false,#hash_0,#hash_0,#hash_0,#hash_0,#hash_0,false,false,0,?0,0
#radiation_field_kill,0,100,25,0,0,false,0,false,#hash_3e46a78452187382,#stats_radiation_field_kill,#hash_0,true,true,false,#hash_0,#hash_0,#hash_0,#hash_0,#hash_0,false,false,0,?0,0
#radiation_field_assist,0,50,25,0,0,false,0,false,#hash_7d48535d8fe82ee1,#stats_radiation_field_assist,#hash_0,true,true,false,#hash_0,#hash_0,#hash_0,#hash_0,#hash_0,false,false,0,?0,0
#hash_2ea1ed9555bd5958,0,100,0,0,0,false,0,false,#hash_0,#stats_radiation_field_multikill_x2_summary,#hash_725241456dd982f3,true,true,false,#specialist,#hash_0,#hash_0,#hash_0,#hash_0,false,false,0,?0,0
#tripwire_ied_kill,0,100,25,0,0,false,0,false,#hash_3f37396a859483e9,#stats_tripwire_ied_kill,#hash_0,true,true,false,#hash_0,#hash_0,#hash_0,#hash_0,#hash_0,false,false,0,?0,0
#hash_b2a70d9381b0ced,0,100,0,0,0,false,0,false,#hash_0,#stats_tripwire_ied_multikill_x2_summary,#hash_468c22199ef8d894,true,true,false,#specialist,#hash_0,#hash_0,#hash_0,#hash_0,false,false,0,?0,0
#hash_5f51f233925ffed0,0,50,25,0,0,false,0,false,#hash_7fab10639ff66c8d,#hash_313a23cbc59f9824,#hash_0,true,true,false,#hash_0,#hash_0,#hash_0,#hash_0,#hash_0,false,false,0,?0,0
#hash_7162ac923f23a180,0,100,0,0,0,false,0,false,#hash_0,#hash_1172385a3669cfc0,#hash_3a678376c0842480,true,true,false,#specialist,#hash_0,#hash_0,#hash_0,#hash_0,false,false,0,?0,0
#seeker_shock_mine_paralyzed_enemy,0,25,10,0,0,false,0,false,#hash_37a722e15f6ca95a,#stats_seeker_shock_mine_paralyzed_enemy,#hash_0,true,true,false,#hash_0,#hash_0,#hash_0,#hash_0,#hash_0,false,false,25,?0,0
#seeker_shock_mine_killed_paralyzed_enemy,0,25,25,0,0,false,0,false,#hash_1a09660f39662fab,#stats_seeker_shock_mine_killed_paralyzed_enemy,#hash_0,true,true,false,#hash_0,#hash_0,#hash_0,#hash_0,#hash_0,false,false,0,?0,0
#seeker_shock_mine_paralyze_assist,0,50,100,0,0,false,0,false,#hash_3461d49c8faab985,#stats_seeker_shock_mine_paralyze_assist,#hash_0,true,true,false,#hash_0,#hash_0,#hash_0,#hash_0,#hash_0,false,false,0,?0,0
#seeker_shock_mine_paralyzed_headshot,0,100,0,0,0,false,0,false,#hash_0,#stats_seeker_shock_mine_paralyzed_headshot,#hash_188c50b78845ba77,true,true,false,#specialist,#hash_0,#hash_0,#hash_0,#hash_0,false,false,0,?0,0
#hash_1a98c8c2c4d16304,0,100,0,0,0,false,0,false,#hash_0,#stats_seeker_shock_mine_multikill_x2_summary,#hash_0,true,true,false,#hash_0,#hash_0,#hash_0,#hash_0,#hash_0,false,false,0,?0,0
#hash_39910e3a94963a6b,0,100,0,0,0,false,0,false,#hash_0,#hash_6bce948678791597,#hash_2a164a2db512a157,true,true,false,#specialist,#hash_0,#hash_0,#hash_0,#hash_0,false,false,0,?0,0
#hash_29c6ac26743e0639,0,100,25,0,0,false,0,false,#hash_1fc6b3d8ab2fbd88,#hash_0,#hash_0,true,true,false,#hash_0,#hash_0,#hash_0,#hash_0,#hash_0,false,false,0,?0,0
#shroud_assist,0,50,15,0,0,false,0,false,#hash_324b6cec89caab5f,#hash_0,#hash_0,true,true,false,#hash_0,#hash_0,#hash_0,#hash_0,#hash_0,false,false,0,?0,0
#sensor_dart_kill,0,50,15,0,0,false,0,false,#hash_522151067d0735bd,#stats_sensor_dart_kill,#hash_0,true,true,false,#hash_0,#hash_0,#hash_0,#hash_0,#hash_0,false,false,0,?0,0
#sensor_dart_assist,0,25,10,0,0,false,0,false,#hash_6dd252df0844167a,#stats_sensor_dart_assist,#hash_0,true,true,false,#hash_0,#hash_0,#hash_0,#hash_0,#hash_0,false,false,0,?0,0
#hash_765a1d6e304e1c26,0,100,0,0,0,false,0,false,#hash_0,#stats_sensor_dart_multikill_x2_summary,#hash_21ec91ce0b908f51,true,true,false,#specialist,#hash_0,#hash_0,#hash_0,#hash_0,false,false,0,?0,0
#grapple_gun_kill,0,100,0,0,0,false,0,false,#hash_0,#stats_grapple_gun_kill,#hash_0,true,true,false,#hash_0,#hash_0,#hash_0,#hash_0,#hash_0,false,false,0,?0,0
#hash_2e23a19770f565aa,0,100,0,0,0,false,0,false,#hash_0,#stats_grapple_gun_multikill_x2_summary,#hash_66ee1ee5840018a5,true,true,false,#specialist,#hash_0,#hash_0,#hash_0,#hash_0,false,false,0,?0,0
#spawn_beacon_insertion,0,10,30,0,0,false,0,false,#hash_10ba83b21ddb3e90,#stats_spawn_beacon_insertion,#hash_0,true,true,false,#hash_0,#hash_0,#hash_0,#hash_0,#hash_0,false,false,0,?0,0
#spawn_beacon_kill,0,100,0,0,0,false,0,false,#hash_0,#stats_spawn_beacon_kill,#hash_0,true,true,false,#hash_0,#hash_0,#hash_0,#hash_0,#hash_0,false,false,0,?0,0
#hash_22cded477872e62,0,100,0,0,0,false,0,false,#hash_0,#stats_spawn_beacon_multikill_x2_summary,#hash_240d693d6064fced,true,true,false,#specialist,#hash_0,#hash_0,#hash_0,#hash_0,false,false,0,?0,0
#hash_67099d575be16721,0,100,0,0,0,false,0,false,#hash_0,#hash_6879fc59dd39612a,#hash_4ed1aac21f28caea,true,true,false,#specialist,#hash_0,#hash_0,#hash_0,#hash_0,false,false,0,?0,0
#smoke_assist,0,50,15,0,0,false,0,false,#hash_2ccf24a25dd95052,#hash_0,#hash_0,false,true,false,#hash_0,#hash_0,#hash_0,#hash_0,#hash_0,false,false,0,?0,0
#smoke_kill,0,100,25,0,0,false,0,false,#hash_4a1825f64d19565,#hash_0,#hash_0,false,true,false,#hash_0,#hash_0,#hash_0,#hash_0,#hash_0,false,false,0,?0,0
#hash_6024b59ca1d3b641,0,10,25,0,0,false,0,false,#hash_1201440b73b03bf2,#hash_0,#hash_0,false,true,false,#hash_0,#hash_0,#hash_0,#hash_0,#hash_0,false,false,0,?0,0
#concertina_wire_kill,0,50,50,0,0,false,0,false,#hash_41bbc0d59f8fc673,#stats_concertina_wire_kill,#hash_0,true,true,false,#hash_0,#hash_0,#hash_0,#hash_0,#hash_0,false,false,0,?0,0
#concertina_wire_snared_kill,0,100,25,0,0,false,0,false,#hash_2c12f4c7941c1791,#stats_concertina_wire_snared_kill,#hash_0,true,true,false,#hash_0,#hash_0,#hash_0,#hash_0,#hash_0,false,false,0,?0,0
#concertina_wire_assist,0,50,50,0,0,false,0,false,#hash_222cadb4facf4048,#stats_concertina_wire_assist,#hash_0,true,true,false,#hash_0,#hash_0,#hash_0,#hash_0,#hash_0,false,false,0,?0,0
#hash_40568818ca44b240,0,100,0,0,0,false,0,false,#hash_0,#stats_concertina_wire_multikill_x2_summary,#hash_784329b0ae550953,true,true,false,#specialist,#hash_0,#hash_0,#hash_0,#hash_0,false,false,0,?0,0
#disrupted_equipment,0,15,0,0,0,false,0,false,#hash_1726772f54da2fc1,#hash_16098bb132c1bc08,#hash_0,true,true,false,#hash_0,#hash_0,#hash_0,#hash_0,#hash_0,false,false,0,?0,0
#disrupted_enemy,0,15,10,0,0,false,0,false,#hash_36574feec5d84ddd,#hash_7c8ab39cc49139ac,#hash_0,true,true,false,#hash_0,#hash_0,#hash_0,#hash_0,#hash_0,false,false,0,?0,0
#disruptor_assist,0,15,25,0,0,false,0,false,#hash_2533f55ed324cbcc,#hash_279e02291f03a4c3,#hash_0,true,true,false,#hash_0,#hash_0,#hash_0,#hash_0,#hash_0,false,false,0,?0,0
#disruptor_kill,0,25,25,0,0,false,0,false,#hash_1a9d0247414fc3ff,#hash_10c3fd6aa20629f4,#hash_0,true,true,false,#hash_0,#hash_0,#hash_0,#hash_0,#hash_0,false,false,0,?0,0
#disrupted_barricade,0,50,50,0,0,false,0,false,#hash_cd2c82b72489f5e,#hash_791cdc07de125ff7,#hash_0,true,true,false,#hash_0,#hash_0,#hash_0,#hash_0,#hash_0,false,false,0,?0,0
#disrupted_sentry,0,125,125,0,0,false,0,false,#hash_753830c329745428,#hash_599cba05b8f52f57,#hash_0,true,true,false,#hash_0,#hash_0,#hash_0,#hash_0,#hash_0,false,false,0,?0,0
#disrupted_mantis,0,150,150,0,0,false,0,false,#hash_6be349e1da9cadd3,#hash_28268fa91cbd3368,#hash_0,true,true,false,#hash_0,#hash_0,#hash_0,#hash_0,#hash_0,false,false,0,?0,0
#hash_208b61a32a38340e,0,100,0,0,0,false,0,false,#hash_0,#hash_6da6f256a59a895a,#medal_disrupted,true,true,false,#specialist,#hash_0,#hash_0,#hash_0,#hash_0,false,false,0,?0,0
#rcxd_kill,0,100,10,0,0,false,0,false,#hash_1d2c146d1b484316,#stats_rcxd_kill,#medal_rcxd_kill,true,true,false,#scorestreak,#hash_0,#hash_0,#hash_0,#hash_0,false,false,0,?0,0
#kill_enemy_with_hacked_care_package,0,250,25,0,0,false,0,false,#hash_0,#stats_kill_enemy_with_hacked_care_package,#medal_kill_enemy_with_hacked_care_package,true,true,false,#scorestreak,#hash_0,#hash_0,#hash_0,#hash_0,false,false,0,?0,0
#kill_enemy_with_care_package_crush,0,500,25,0,0,false,0,false,#hash_0,#stats_kill_enemy_with_care_package_crush,#medal_kill_enemy_with_care_package_crush,true,true,false,#scorestreak,#hash_0,#hash_0,#hash_0,#hash_0,false,true,0,?0,0
#dart_kill,0,100,10,0,0,false,0,false,#hash_3668dfcef65834dc,#stats_dart_kill,#medal_dart_kill,true,true,false,#scorestreak,#hash_0,#hash_0,#hash_0,#hash_0,false,false,0,?0,0
#hash_63d3e067b2237e3f,0,100,10,0,0,false,0,false,#hash_6f8c098df7666f6c,#stats_lightning_strike_kill,#medal_lightning_strike_kill,true,true,false,#scorestreak,#hash_0,#hash_0,#hash_0,#hash_0,false,false,0,?0,0
#hellstorm_missile_kill,0,100,10,0,0,false,0,false,#hash_6b1c2e52cb53651b,#stats_hellstorm_missile_kill,#hash_1f5d16e8ee229c75,true,true,false,#scorestreak,#hash_0,#hash_0,#hash_0,#hash_0,false,false,0,?0,0
#automated_turret_kill,0,100,10,0,0,false,0,false,#hash_39b83ff23d252f69,#stats_automated_turret_kill,#medal_automated_turret_kill,true,true,false,#scorestreak,#hash_0,#hash_0,#hash_0,#hash_0,false,false,0,?0,0
#drone_squadron_kill,0,100,10,0,0,false,0,false,#hash_c80058a22256b5f,#stats_drone_squadron_kill,#hash_5fdf8d0f549fc090,true,true,false,#scorestreak,#hash_0,#hash_0,#hash_0,#hash_0,false,false,0,?0,0
#attack_chopper_kill,0,100,10,0,0,false,0,false,#hash_1ae6942fc2b0f77c,#stats_attack_chopper_kill,#medal_attack_chopper_kill,true,true,false,#scorestreak,#hash_0,#hash_0,#hash_0,#hash_0,false,false,0,?0,0
#tank_robot_kill,0,100,10,0,0,false,0,false,#hash_4e188d7a56a7a69b,#stats_tank_robot_kill,#hash_77b25be0b37c472f,true,true,false,#scorestreak,#hash_0,#hash_0,#hash_0,#hash_0,false,false,0,?0,0
#swat_team_kill,0,100,10,0,0,false,0,false,#hash_64d99d34cbc5cba1,#stats_swat_team_kill,#hash_1a186399740f6c1f,true,true,false,#scorestreak,#hash_0,#hash_0,#hash_0,#hash_0,false,false,0,?0,0
#overwatch_helicopter_kill,0,100,10,0,0,false,0,false,#hash_6cb3f0ef911d73fe,#stats_overwatch_helicopter_kill,#hash_3aa4d8160e690a33,true,true,false,#scorestreak,#hash_0,#hash_0,#hash_0,#hash_0,false,false,0,?0,0
#warthog_kill,0,100,10,0,0,false,0,false,#hash_67e34e8d8ddcd2b,#stats_warthog_kill,#hash_5c7d1e61ea5a8da4,true,true,false,#scorestreak,#hash_0,#hash_0,#hash_0,#hash_0,false,false,0,?0,0
#gunship_kill,0,100,10,0,0,false,0,false,#hash_58d156008586605b,#stats_gunship_kill,#hash_275e88ea6b462dd4,true,true,false,#scorestreak,#hash_0,#hash_0,#hash_0,#hash_0,false,false,0,?0,0
#uav_assist,0,10,10,0,0,false,0,false,#hash_61fc36f6dace7814,#hash_0,#hash_0,false,true,false,#hash_0,#hash_0,#hash_0,#hash_0,#hash_0,false,false,0,?0,0
#counter_uav_assist,0,25,10,0,0,false,0,false,#hash_76a52aa1e43635a9,#hash_0,#hash_0,false,true,false,#hash_0,#hash_0,#hash_0,#hash_0,#hash_0,false,false,25,?0,0
#battle_shield_kill,0,100,25,0,0,false,0,false,#hash_cf06ec41453c7a5,#stats_battle_shield_kill,#hash_0,true,true,false,#hash_0,#hash_0,#hash_0,#hash_0,#hash_0,false,false,0,?0,0
#shield_blocked_damage,0,10,10,0,0,false,0,false,#hash_534a387147cf0ff4,#stats_shield_blocked_damage,#hash_0,true,true,false,#hash_0,#hash_0,#hash_0,#hash_0,#hash_0,false,false,0,?0,0
#hash_21021d13c3c3c1da,0,100,0,0,0,false,0,false,#hash_0,#stats_battle_shield_x2_multikill_summary,#hash_4934a8893560a945,true,true,false,#specialist,#hash_0,#hash_0,#hash_0,#hash_0,false,false,0,?0,0
#shield_assist,0,50,25,0,0,false,0,false,#hash_24d6a7626a342c92,#stats_shield_assist,#hash_0,true,true,false,#hash_0,#hash_0,#hash_0,#hash_0,#hash_0,false,false,0,?0,0
#hash_7c2d800a84be69a2,0,100,25,0,0,false,0,false,#hash_62ad1dcf129aaab1,#hash_0,#hash_0,false,true,false,#hash_0,#hash_0,#hash_0,#hash_0,#hash_0,false,false,0,?0,0
#war_machine_kill,0,100,25,0,0,false,0,false,#hash_1e336907c5754af,#stats_war_machine_kill,#hash_0,true,true,false,#hash_0,#hash_0,#hash_0,#hash_0,#hash_0,false,false,0,?0,0
#hash_259376d640142af8,0,100,0,0,0,false,0,false,#hash_0,#stats_war_machine_x2_multikill_summary,#medal_war_machine_x2_multikill_summary,true,true,false,#specialist,#hash_0,#hash_0,#hash_0,#hash_0,false,false,0,?0,0
#tak5_boosted,0,25,25,0,0,false,0,false,#hash_383ede815c3776bd,#stats_tak5_boosted,#hash_0,true,true,false,#hash_0,#hash_0,#hash_0,#hash_0,#hash_0,false,false,0,?0,0
#stim_kill,0,0,0,0,0,false,0,false,#hash_1cc6074a001e1722,#stats_stim_kill,#hash_0,true,true,false,#hash_0,#hash_0,#hash_0,#hash_0,#hash_0,false,false,0,?0,0
#hash_24531d906ae1ae81,0,100,0,0,0,false,0,false,#hash_0,#stats_tak5_multikill_x2_multikill_summary,#hash_46521c196a692d3f,true,true,false,#specialist,#hash_0,#hash_0,#hash_0,#hash_0,false,false,0,?0,0
#purifier_kill,0,50,25,0,0,false,0,false,#hash_6d0622ece174cbf9,#stats_purifier_kill,#hash_0,true,true,false,#hash_0,#hash_0,#hash_0,#hash_0,#hash_0,false,false,0,?0,0
#hash_30c81cbf83c820c2,0,100,0,0,0,false,0,false,#hash_0,#stats_purifier_x2_multikill_summary,#hash_1809672db7f761cd,true,true,false,#specialist,#hash_0,#hash_0,#hash_0,#hash_0,false,false,0,?0,0
#attack_dog_kill,0,50,25,0,0,false,0,false,#hash_6ae11e1c0e3a745d,#stats_attack_dog_kill,#hash_0,false,true,false,#hash_0,#hash_0,#hash_0,#hash_0,#hash_0,false,false,0,?0,0
#hash_629aa64fb8f1aec7,0,100,0,0,0,false,0,false,#hash_0,#stats_attack_dog_x2_multikill_summary,#hash_ad0e50e3c78958e,true,true,false,#specialist,#hash_0,#hash_0,#hash_0,#hash_0,false,false,0,?0,0
#sparrow_kill,0,100,25,0,0,false,0,false,#hash_93947d6252ca02b,#hash_1b1bc606dcd36ac8,#hash_0,true,true,false,#hash_0,#hash_0,#hash_0,#hash_0,#hash_0,false,false,0,?0,0
#hash_5ebd6901861f6acc,0,100,0,0,0,false,0,false,#hash_0,#hash_72717fdf9b734c8,#hash_2279036f8f16ddac,true,true,false,#specialist,#hash_0,#hash_0,#hash_0,#hash_0,false,false,0,?0,0
#hash_6f0ec202863eacd,0,25,25,0,0,false,0,false,#hash_3bad5f49c6fabe9,#hash_0,#hash_0,false,true,false,#hash_0,#hash_0,#hash_0,#hash_0,#hash_0,false,false,0,?0,0
#tempest_kill,0,100,25,0,0,false,0,false,#hash_20fb771b5c3877c5,#stats_tempest_kill,#hash_0,true,true,false,#hash_0,#hash_0,#hash_0,#hash_0,#hash_0,false,false,0,?0,0
#hash_734904dd987c0f7a,0,100,25,0,0,false,0,false,#hash_21225d12bb851e2c,#hash_0,#hash_0,false,true,false,#hash_0,#hash_0,#hash_0,#hash_0,#hash_0,false,false,0,?0,0
#hash_43efbf850ad28bac,0,50,25,0,0,false,0,false,#hash_588fa413342c6b2,#hash_0,#hash_0,false,true,false,#hash_0,#hash_0,#hash_0,#hash_0,#hash_0,false,false,0,?0,0
#tempest_shock_chain,0,25,25,0,0,false,0,false,#hash_133dbfa54a3e65fa,#stats_tempest_shock_chain,#hash_0,false,true,false,#hash_0,#hash_0,#hash_0,#hash_0,#hash_0,false,false,0,?0,0
#hash_1ff9cffb9d62d81a,0,100,0,0,0,false,0,false,#hash_0,#stats_tempest_x2_multikill_summary,#hash_5d5fb9cb8a9ea53d,true,true,false,#specialist,#hash_0,#hash_0,#hash_0,#hash_0,false,false,0,?0,0
#hash_181627dbc360aa8e,0,100,0,0,0,false,0,false,#hash_0,#hash_5e7d4fbf52e478d2,#hash_409ba255a3133392,true,true,false,#specialist,#hash_0,#hash_0,#hash_0,#hash_0,false,false,0,?0,0
#scythe_kill,0,100,25,0,0,false,0,false,#hash_181e8d4369690d07,#hash_0,#hash_0,false,true,false,#hash_0,#hash_0,#hash_0,#hash_0,#hash_0,false,false,0,?0,0
#scythe_assist,0,50,15,0,0,false,0,false,#hash_345c3a507c613d44,#hash_0,#hash_0,false,true,false,#hash_0,#hash_0,#hash_0,#hash_0,#hash_0,false,false,0,?0,0
#hash_5fa940b319171088,0,10,10,0,0,false,0,false,#hash_303dabd584748b1d,#hash_0,#hash_0,false,true,false,#hash_0,#hash_0,#hash_0,#hash_0,#hash_0,false,false,0,?0,0
#vision_pulse_kill,0,100,15,0,0,false,0,false,#hash_e5c859ac2fb0715,#stats_vision_pulse_kill,#hash_0,true,true,false,#hash_0,#hash_0,#hash_0,#hash_0,#hash_0,false,false,0,?0,0
#vision_pulse_assist,0,50,10,0,0,false,0,false,#hash_1c0e9dd8921fe82,#stats_vision_pulse_assist,#hash_0,true,true,false,#hash_0,#hash_0,#hash_0,#hash_0,#hash_0,false,false,0,?0,0
#hash_313ab3da993aeac4,0,100,0,0,0,false,0,false,#hash_0,#stats_vision_pulse_x2_multikill_summary,#hash_4a54eca7b75449cf,true,true,false,#specialist,#hash_0,#hash_0,#hash_0,#hash_0,false,false,0,?0,0
#gravity_slam_kill,0,100,25,0,0,false,0,false,#hash_27abd7ec98b7230c,#stats_gravity_slam_kill,#hash_0,true,true,false,#hash_0,#hash_0,#hash_0,#hash_0,#hash_0,false,false,0,?0,0
#hash_3143df3bc8163c48,0,100,0,0,0,false,0,false,#hash_0,#stats_gravity_slam_multikill_x2,#hash_745b44c6cae77af8,true,true,false,#specialist,#hash_0,#hash_0,#hash_0,#hash_0,false,false,0,?0,0
#annihilator_kill,0,100,25,0,0,false,0,false,#hash_66530765f5e29eae,#stats_annihilator_kill,#hash_0,true,true,false,#hash_0,#hash_0,#hash_0,#hash_0,#hash_0,false,false,0,?0,0
#annihilator_multikill_2,0,100,0,0,0,false,0,false,#hash_0,#stats_annihilator_x2_multikill_summary,#hash_3fdd5673d1be3702,true,true,false,#specialist,#hash_0,#hash_0,#hash_0,#hash_0,false,false,0,?0,0
#hash_4d043e4283c620a,0,100,0,0,0,false,0,false,#hash_0,#hash_375aea27b23ebfd,#hash_6c53f4fad92823bd,false,true,false,#specialist,#hash_0,#hash_0,#hash_0,#hash_0,false,false,0,?0,0
#hash_596cbe556b950d3f,0,100,25,0,0,false,0,false,#hash_695002e61b9824f0,#hash_7e1640694aedc1d6,#hash_442c1d8f92935716,false,true,false,#specialist,#hash_0,#hash_0,#hash_0,#hash_0,false,false,0,?0,0
#blade_kill,0,100,25,0,0,false,0,false,#hash_695002e61b9824f0,#hash_0,#hash_0,true,true,false,#hash_0,#hash_0,#hash_0,#hash_0,#hash_0,false,false,0,?0,0
#deployable_cover_kill,0,100,50,0,0,false,0,false,#hash_25f38a82b397511e,#stats_deployable_cover_kill,#hash_0,true,true,false,#hash_0,#hash_0,#hash_0,#hash_0,#hash_0,false,false,0,?0,0
#deployable_cover_assist,0,50,50,0,0,false,0,false,#hash_12efece39ad28e2d,#stats_deployable_cover_assist,#hash_0,true,true,false,#hash_0,#hash_0,#hash_0,#hash_0,#hash_0,false,false,0,?0,0
#hpm_suppress,0,25,25,0,0,false,0,false,#hash_6ad01b1b9a6f3b0c,#stats_hpm_suppress,#hash_0,true,true,false,#hash_0,#hash_0,#hash_0,#hash_0,#hash_0,false,false,0,?0,0
#microwave_turret_kill,0,100,50,0,0,false,0,false,#hash_25b854aec1d36810,#hash_0,#hash_0,false,true,false,#hash_0,#hash_0,#hash_0,#hash_0,#hash_0,false,false,0,?0,0
#microwave_turret_assist,0,50,50,0,0,false,0,false,#hash_187f5b25e18e8117,#hash_0,#hash_0,false,true,false,#hash_0,#hash_0,#hash_0,#hash_0,#hash_0,false,false,0,?0,0
#hash_7d4d96c3254a72e9,0,100,0,0,0,false,0,false,#hash_0,#stats_deployable_cover_x2_multikill_summary,#hash_575f047f46ac4458,true,true,false,#specialist,#hash_0,#hash_0,#hash_0,#hash_0,false,false,0,?0,0
#hacked_equipment,0,15,0,0,0,false,0,false,#hash_37e5ad9f090a754d,#hash_1c0beeaf062d1de,#hash_0,true,true,false,#hash_0,#hash_0,#hash_0,#hash_0,#hash_0,false,false,0,?0,0
#hacked_enemy,0,15,10,0,0,false,0,false,#hash_3bcd244e38bd4c49,#hash_15c436359da11ffa,#hash_0,true,true,false,#hash_0,#hash_0,#hash_0,#hash_0,#hash_0,false,false,0,?0,0
#hash_50f1c2baad90249e,0,25,0,0,0,false,0,false,#hash_6b464c77ec894199,#hash_25447d735c4d36e6,#hash_0,true,true,false,#hash_0,#hash_0,#hash_0,#hash_0,#hash_0,false,false,0,?0,0
#hacked_kill,0,15,25,0,0,false,0,false,#hash_3429f289373c1943,#hash_49f28c7baf3f700a,#hash_0,true,true,false,#hash_0,#hash_0,#hash_0,#hash_0,#hash_0,false,false,0,?0,0
#hacked_assist,0,25,15,0,0,false,0,false,#hash_71c756767d6cf318,#hash_778c7d7eeca7ed59,#hash_0,true,true,false,#hash_0,#hash_0,#hash_0,#hash_0,#hash_0,false,false,0,?0,0
#hacked_spawn_beacon,0,5,0,0,0,false,0,false,#hash_1215b6ca2ce91f7f,#hash_0,#hash_0,false,false,false,#hash_0,#hash_0,#hash_0,#hash_0,#hash_0,false,false,0,?0,0
#hacked_disruptor,0,5,0,0,0,false,0,false,#hash_212d104900342981,#hash_0,#hash_0,false,false,false,#hash_0,#hash_0,#hash_0,#hash_0,#hash_0,false,false,0,?0,0
#hacked_seeker,0,5,10,0,0,false,0,false,#hash_22e9b7eb6c69eee4,#hash_0,#hash_0,false,false,false,#hash_0,#hash_0,#hash_0,#hash_0,#hash_0,false,false,0,?0,0
#hacked_sensor_dart,0,5,10,0,0,false,0,false,#hash_20081a1ad5266893,#hash_0,#hash_0,false,false,false,#hash_0,#hash_0,#hash_0,#hash_0,#hash_0,false,false,0,?0,0
#hacked_trophy,0,5,10,0,0,false,0,false,#hash_76dc61200b183e37,#hash_0,#hash_0,false,false,false,#hash_0,#hash_0,#hash_0,#hash_0,#hash_0,false,false,0,?0,0
#hash_71e0922754b162af,0,5,10,0,0,false,0,false,#hash_78f37ee7cf721378,#hash_0,#hash_0,false,false,false,#hash_0,#hash_0,#hash_0,#hash_0,#hash_0,false,false,0,?0,0
#hacked_barricade,0,5,10,0,0,false,0,false,#hash_8aec6d45de75914,#hash_0,#hash_0,false,false,false,#hash_0,#hash_0,#hash_0,#hash_0,#hash_0,false,false,0,?0,0
#hacked_rcxd,0,5,0,0,0,false,0,false,#hash_2127c2d58ce28da4,#hash_0,#hash_0,false,false,false,#hash_0,#hash_0,#hash_0,#hash_0,#hash_0,false,false,0,?0,0
#hacked_uav,0,5,10,0,0,false,0,false,#hash_15bb67dddd75cddd,#hash_0,#hash_0,false,false,false,#hash_0,#hash_0,#hash_0,#hash_0,#hash_0,false,false,0,?0,0
#hacked_care_package,0,5,10,0,0,false,0,false,#hash_2864f6cc16cd01bd,#hash_0,#hash_0,false,false,false,#hash_0,#hash_0,#hash_0,#hash_0,#hash_0,false,false,0,?0,0
#hacked_cuav,0,5,10,0,0,false,0,false,#hash_2864b6471039e114,#hash_0,#hash_0,false,false,false,#hash_0,#hash_0,#hash_0,#hash_0,#hash_0,false,false,0,?0,0
#hacked_dart,0,10,0,0,0,false,0,false,#hash_744ecc8239f9c06a,#hash_0,#hash_0,false,false,false,#hash_0,#hash_0,#hash_0,#hash_0,#hash_0,false,false,0,?0,0
#hacked_hellstorm,0,15,0,0,0,false,0,false,#hash_3bb678d5a6da8ddd,#hash_0,#hash_0,false,false,false,#hash_0,#hash_0,#hash_0,#hash_0,#hash_0,false,false,0,?0,0
#hacked_planemortar,0,10,0,0,0,false,0,false,#hash_57cb11234bda1f26,#hash_0,#hash_0,false,false,false,#hash_0,#hash_0,#hash_0,#hash_0,#hash_0,false,false,0,?0,0
#hacked_ult_turret,0,10,25,0,0,false,0,false,#hash_366e4880b0f833a9,#hash_0,#hash_0,false,false,false,#hash_0,#hash_0,#hash_0,#hash_0,#hash_0,false,false,0,?0,0
#hacked_drone_squad,0,10,25,0,0,false,0,false,#hash_e5cf11cd127be82,#hash_0,#hash_0,false,false,false,#hash_0,#hash_0,#hash_0,#hash_0,#hash_0,false,false,0,?0,0
#hacked_mantis,0,10,0,0,0,false,0,false,#hash_7de0c544128d99bf,#hash_0,#hash_0,false,false,false,#hash_0,#hash_0,#hash_0,#hash_0,#hash_0,false,false,0,?0,0
#hacked_warthog,0,10,0,0,0,false,0,false,#hash_5a0613f617ea051,#hash_0,#hash_0,false,false,false,#hash_0,#hash_0,#hash_0,#hash_0,#hash_0,false,false,0,?0,0
#hacked_attack_chopper,0,10,25,0,0,false,0,false,#hash_15ce18f610240f7,#hash_0,#hash_0,false,false,false,#hash_0,#hash_0,#hash_0,#hash_0,#hash_0,false,false,0,?0,0
#hacked_ac130,0,10,0,0,0,false,0,false,#hash_261fc56e3aefe115,#hash_0,#hash_0,false,false,false,#hash_0,#hash_0,#hash_0,#hash_0,#hash_0,false,false,0,?0,0
#hacked_supplypod,0,10,10,0,0,false,0,false,#hash_851518f5f713013,#hash_0,#hash_0,false,false,false,#hash_0,#hash_0,#hash_0,#hash_0,#hash_0,false,false,0,?0,0
#hacked_sniper_chopper,0,10,0,0,0,false,0,false,#hash_fb0ea9bf2cc38b4,#hash_0,#hash_0,false,false,false,#hash_0,#hash_0,#hash_0,#hash_0,#hash_0,false,false,0,?0,0
#hash_232128502a39219d,0,100,0,0,0,false,0,false,#hash_0,#hash_2a7cb14d33becd69,#hash_134f8758b06729c1,true,true,false,#specialist,#hash_0,#hash_0,#hash_0,#hash_0,false,false,0,?0,0
#hash_e18a9f29b8e1132,0,100,0,0,0,false,0,false,#hash_0,#hash_31b411ec244beff6,#hash_41b4f1a76e83da3d,true,true,false,#specialist,#hash_0,#hash_0,#hash_0,#hash_0,false,false,0,?0,0
#battle_shield_shutdown,0,100,25,0,0,false,0,false,#hash_e00ea71b3526b97,#stats_battle_shield_shutdown,#hash_414338b904fe4ae8,true,true,true,#antispecialist,#hash_0,#hash_0,#hash_0,#hash_0,false,false,0,?0,0
#purifier_shutdown,0,100,25,0,0,false,0,false,#hash_5e7887b24d371af1,#stats_purifier_shutdown,#hash_1654e19514d6b330,true,true,true,#antispecialist,#hash_0,#hash_0,#hash_0,#hash_0,false,false,0,?0,0
#war_machine_shutdown,0,100,25,0,0,false,0,false,#hash_3b99802c7de37e05,#stats_war_machine_shutdown,#medal_war_machine_shutdown,true,true,true,#antispecialist,#hash_0,#hash_0,#hash_0,#hash_0,false,false,0,?0,0
#tempest_shutdown,0,100,25,0,0,false,0,false,#hash_6cb7240ca85367b7,#stats_tempest_shutdown,#hash_1024538301c336e0,true,true,true,#antispecialist,#hash_0,#hash_0,#hash_0,#hash_0,false,false,0,?0,0
#gravity_slam_shutdown,0,100,25,0,0,false,0,false,#hash_3c96e8eba62ecfe3,#stats_gravity_slam_shutdown,#hash_3cde5a8e7ce4b856,true,true,true,#antispecialist,#hash_0,#hash_0,#hash_0,#hash_0,false,false,0,?0,0
#annihilator_shutdown,0,100,25,0,0,false,0,false,#hash_20db9d30f95ad37c,#stats_annihilator_shutdown,#hash_744a03231cd00927,true,true,true,#antispecialist,#hash_0,#hash_0,#hash_0,#hash_0,false,false,0,?0,0
#attack_dog_shutdown,0,100,50,0,0,false,0,false,#hash_fabbbe73a8046a2,#stats_attack_dog_shutdown,#hash_554a130569a1847b,true,true,true,#antispecialist,#hash_0,#hash_0,#hash_0,#hash_0,false,false,0,?0,0
#tak5_shutdown,0,100,25,0,0,false,0,false,#hash_b1051d03bfc4d60,#hash_756c14267fbeda46,#hash_619c813a4707a306,true,true,true,#antispecialist,#hash_0,#hash_0,#hash_0,#hash_0,false,false,0,?0,0
#deployable_cover_shutdown,0,100,25,0,0,false,0,false,#hash_27020e1ae8ec27d9,#stats_deployable_cover_shutdown,#hash_5e5d38a7fa5cb2ed,true,true,true,#antispecialist,#hash_0,#hash_0,#hash_0,#hash_0,false,false,0,?0,0
#vision_pulse_shutdown,0,100,25,0,0,false,0,false,#hash_770aee1af45f2f87,#stats_vision_pulse_shutdown,#hash_3fde09240437f06a,true,true,true,#antispecialist,#hash_0,#hash_0,#hash_0,#hash_0,false,false,0,?0,0
#radiation_field_shutdown,0,100,25,0,0,false,0,false,#hash_168647b96ac9d3b5,#stats_radiation_field_shutdown,#hash_12e4ba262b59b396,true,true,true,#antispecialist,#hash_0,#hash_0,#hash_0,#hash_0,false,false,0,?0,0
#hacker_shutdown,0,100,50,0,0,false,0,false,#hash_166b79a578f6227,#hash_5ca3282f3f7ae586,#hash_0,true,true,true,#antispecialist,#hash_0,#hash_0,#hash_0,#hash_0,false,false,0,?0,0
#ice_pick_shutdown,0,100,25,0,0,false,0,false,#hash_418b3171072ec66a,#hash_1aa95ff7202fabf7,#hash_7f8741ac3681dc7b,true,true,true,#antispecialist,#hash_0,#hash_0,#hash_0,#hash_0,false,false,0,?0,0
#hash_551d67ca10327522,0,100,25,0,0,false,0,false,#hash_36f3a6a722a06a11,#hash_5604b2cc01137e0e,#hash_58e069841770004e,true,true,true,#antispecialist,#hash_0,#hash_0,#hash_0,#hash_0,false,false,0,?0,0
#blade_shutdown,0,100,25,0,0,false,0,false,#hash_75914bd854ff422b,#hash_682c9c0ef5677f2d,#hash_734439834a07ca6d,true,true,true,#antispecialist,#hash_0,#hash_0,#hash_0,#hash_0,false,false,0,?0,0
#scythe_shutdown,0,100,25,0,0,false,0,false,#hash_f5fcd8f23b955f5,#hash_2dc939b777ad7dd4,#hash_1f6d24b64f6d5914,true,true,true,#antispecialist,#hash_0,#hash_0,#hash_0,#hash_0,false,false,0,?0,0
#rcxd_killjoy,0,100,50,0,0,false,0,false,#hash_4486dbb656ee335d,#stats_rcxd_killjoy,#medal_rcxd_killjoy,true,true,true,#antiscorestreak,#hash_0,#hash_0,#hash_0,#hash_0,false,false,200,?0,0
#uav_killjoy,0,100,75,0,0,false,0,false,#hash_2dd3e5a260ef3726,#stats_uav_killjoy,#medal_uav_killjoy,true,true,true,#antiscorestreak,#hash_0,#hash_0,#hash_0,#hash_0,false,false,200,?0,0
#care_package_shutdown,0,100,125,0,0,false,0,false,#hash_2bada5f93505dfe4,#stats_care_package_killjoy,#hash_784aab23869b774a,true,true,true,#antiscorestreak,#hash_0,#hash_0,#hash_0,#hash_0,false,false,0,?0,0
#destroyed_dart,0,100,150,0,0,false,0,false,#hash_24e6cc81efc2160f,#stats_dart_killjoy,#hash_235daded8313d7d5,true,true,true,#antiscorestreak,#hash_0,#hash_0,#hash_0,#hash_0,false,false,0,?0,0
#cuav_killjoy,0,100,100,0,0,false,0,false,#hash_44ffcd0ad714dc9d,#stats_cuav_killjoy,#medal_cuav_killjoy,true,true,true,#antiscorestreak,#hash_0,#hash_0,#hash_0,#hash_0,false,false,200,?0,0
#destroyed_remote_missile,0,100,125,0,0,false,0,false,#hash_59682fdbe8ccf5a9,#stats_hellstorm_missile_killjoy,#hash_49925188c43b0ded,true,true,true,#antiscorestreak,#hash_0,#hash_0,#hash_0,#hash_0,false,false,200,?0,0
#hash_4768b9f8671445b3,0,100,125,0,0,false,0,false,#hash_2f7961351f7f7c,#stats_automated_turret_killjoy,#medal_automated_turret_killjoy,true,true,true,#antiscorestreak,#hash_0,#hash_0,#hash_0,#hash_0,false,false,200,?0,0
#hash_20a561c410750409,0,100,50,0,0,false,0,false,#hash_39dfa8f1f45b97e9,#stats_swarm_shutdown,#hash_240876a58c7a1206,true,true,true,#antiscorestreak,#hash_0,#hash_0,#hash_0,#hash_0,false,false,0,?0,0
#hash_8bf3519db5f0fd4,0,50,0,0,0,false,0,false,#hash_39dfa8f1f45b97e9,#hash_0,#hash_0,false,true,true,#hash_0,#hash_0,#hash_0,#hash_0,#hash_0,false,false,0,?0,0
#attack_chopper_shutdown,0,100,125,0,0,false,0,false,#hash_6d99ea20b9cb0556,#stats_attack_chopper_killjoy,#medal_attack_chopper_killjoy,true,true,true,#antiscorestreak,#hash_0,#hash_0,#hash_0,#hash_0,false,false,500,?0,0
#hash_328e96e58bbc1c3a,0,250,150,0,0,false,0,false,#hash_4993b768bb31e375,#stats_tank_robot_killjoy,#hash_40e0bd6e962d77cb,true,true,true,#antiscorestreak,#hash_0,#hash_0,#hash_0,#hash_0,false,false,0,?0,0
#swat_team_killjoy,0,250,50,0,0,false,0,false,#hash_1348a6cd8a102d5a,#stats_swat_team_killjoy,#hash_101df64484f45afb,true,true,true,#antiscorestreak,#hash_0,#hash_0,#hash_0,#hash_0,false,false,0,?0,0
#hash_3317e11a8f083f6d,0,250,150,0,0,false,0,false,#hash_26e11a65ec989ad5,#stats_overwatch_helicopter_killjoy,#hash_23b19ff9930575bf,true,true,true,#antiscorestreak,#hash_0,#hash_0,#hash_0,#hash_0,false,false,0,?0,0
#warthog_shutdown,0,250,150,0,0,false,0,false,#hash_3b8d60112af6a672,#stats_warthog_killjoy,#hash_6e11d6da911854d2,true,true,true,#antiscorestreak,#hash_0,#hash_0,#hash_0,#hash_0,false,false,0,?0,0
#hash_47c2a64b85e116e5,0,250,150,0,0,false,0,false,#hash_5d7ab1caa1b4bd42,#stats_gunship_killjoy,#hash_271ce30f874aec02,true,true,true,#antiscorestreak,#hash_0,#hash_0,#hash_0,#hash_0,false,false,0,?0,0
#hash_2150d242911dfe3d,0,50,50,0,0,false,0,false,#hash_6e0fc58d1fb4a0ac,#stats_mesh_mine_destroy,#hash_0,true,true,true,#hash_0,#hash_0,#hash_0,#hash_0,#hash_0,false,false,50,?0,0
#hash_4c5d3e163d180de8,0,50,50,0,0,false,0,false,#hash_3df5ccb46cd34c7b,#stats_sensor_dart_destroy,#hash_0,true,true,true,#hash_0,#hash_0,#hash_0,#hash_0,#hash_0,false,false,50,?0,0
#hash_4ccb940ea15047ba,0,50,50,0,0,false,0,false,#hash_72b34caee6bce929,#stats_razor_wire_destroy,#hash_0,true,true,true,#hash_0,#hash_0,#hash_0,#hash_0,#hash_0,false,false,50,?0,0
#shroud_shutdown,0,50,50,0,0,false,0,false,#hash_6cd4f1372be03b62,#hash_2098ba884bceca57,#hash_0,true,true,true,#hash_0,#hash_0,#hash_0,#hash_0,#hash_0,false,false,50,?0,0
#hash_2cc3287407441d3e,0,50,50,0,0,false,0,false,#hash_705d7813dd1e1775,#stats_seeker_destroy,#hash_0,true,true,true,#hash_0,#hash_0,#hash_0,#hash_0,#hash_0,false,false,50,?0,0
#hash_707b29867fba333d,0,50,50,0,0,false,0,false,#hash_617265d2c4d8d9ac,#stats_assault_pack_destroy,#hash_0,true,true,true,#hash_0,#hash_0,#hash_0,#hash_0,#hash_0,false,false,50,?0,0
#hash_17d04d85285582ab,0,50,50,0,0,false,0,false,#hash_7f6eeb72160f9576,#stats_tac_deploy_destroy,#hash_0,true,true,true,#hash_0,#hash_0,#hash_0,#hash_0,#hash_0,false,false,50,?0,0
#hawk_destroyed,0,50,50,0,0,false,0,false,#hash_3e33bac767c32427,#hash_15247715242be695,#hash_0,true,true,true,#hash_0,#hash_0,#hash_0,#hash_0,#hash_0,false,false,50,?0,0
#killed_attacker,0,25,25,0,0,false,0,true,#hash_29c0e1300a537937,#stats_killed_attacker,#hash_0,true,true,false,#hash_0,#hash_0,#hash_0,#hash_0,#hash_0,false,false,0,?0,0
#killed_defender,0,25,25,0,0,false,0,true,#hash_3487bb65b11c038f,#stats_killed_defender,#hash_0,true,true,false,#hash_0,#hash_0,#hash_0,#hash_0,#hash_0,false,false,0,?0,0
#clear_2_attackers,0,250,0,0,0,false,0,false,#hash_0,#stats_clear_2_attackers,#medal_clear_2_attackers,true,true,false,#gamemode,#hash_0,#hash_0,#hash_0,#hash_0,false,false,0,?0,0
#completed_match,0,250,0,0,0,false,0,false,#hash_0,#stats_completed_match,#medal_completed_match,true,true,false,#gamemode,#hash_0,#hash_0,#hash_0,#hash_0,false,false,0,?0,0
#won_match,0,500,0,0,0,false,0,false,#hash_0,#stats_won_match,#medal_won_match,true,true,false,#gamemode,#hash_0,#hash_0,#hash_0,#hash_0,false,false,0,?0,0
#eliminated_enemy,0,100,0,0,0,false,0,false,#hash_0,#stats_eliminated_enemy,#medal_eliminated_enemy,true,true,false,#gamemode,#hash_0,#hash_0,#hash_0,#hash_0,false,false,0,?0,0
#kill_enemy_that_is_capping_your_objective,0,50,0,0,0,false,0,false,#hash_0,#stats_kill_enemy_that_is_capping_your_objective,#medal_kill_enemy_that_is_capping_your_objective,true,true,false,#gamemode,#hash_0,#hash_0,#hash_0,#hash_0,false,false,0,?0,0
#neutral_b_secured,0,500,100,0,0,false,0,true,#hash_5cb6da36d9d4a4f4,#stats_neutral_b_secured,#medal_neutral_b_secured,true,true,false,#gamemode,#hash_0,#hash_0,#hash_0,#hash_0,false,false,0,?0,0
#dom_point_neutral_secured,0,50,50,0,0,false,0,true,#hash_4169caaf649733eb,#hash_0,#hash_0,false,true,false,#hash_0,#hash_0,#hash_0,#hash_0,#hash_0,false,false,0,?0,0
#dom_point_secured,0,100,100,0,0,false,0,true,#hash_547d7bf268c00204,#stats_position_secure,#medal_dom_point_secured,true,true,false,#gamemode,#hash_0,#hash_0,#hash_0,#hash_0,false,false,0,?0,0
#kill_enemy_while_capping_dom,0,50,25,0,0,false,0,true,#hash_6b8fb98459bbafe8,#stats_kill_enemy_while_capping,#medal_kill_enemy_while_capping_dom,true,true,false,#gamemode,#hash_0,#hash_0,#hash_0,#hash_0,false,false,0,?0,0
#hash_7edabe01ed05afa3,0,25,25,0,0,false,0,false,#hash_759582c5dfc07fa6,#hash_0,#hash_0,false,true,false,#hash_0,#hash_0,#hash_0,#hash_0,#hash_0,false,false,0,?0,0
#kill_confirmed,0,50,100,0,0,false,0,true,#hash_1baff43061c59ba8,#hash_0,#hash_0,false,true,false,#hash_0,#hash_0,#hash_0,#hash_0,#hash_0,false,false,0,?0,0
#kill_confirmed_multi,0,100,0,0,0,false,0,false,#hash_0,#stats_kill_confirmed_multi,#medal_kill_confirmed_multi,true,true,false,#gamemode,#hash_0,#hash_0,#hash_0,#hash_0,false,false,0,?0,0
#teammate_kill_confirmed,0,100,25,0,0,false,0,true,#hash_50ffcbe73c969561,#hash_0,#hash_0,false,true,false,#hash_0,#hash_0,#hash_0,#hash_0,#hash_0,false,false,0,?0,0
#kill_denied,0,50,25,0,0,false,0,true,#hash_50f2ecc28fddce9c,#hash_0,#hash_0,false,true,false,#hash_0,#hash_0,#hash_0,#hash_0,#hash_0,false,false,0,?0,0
#retrieve_own_tags,0,250,25,0,0,false,0,true,#hash_50f2ecc28fddce9c,#stats_retrieve_own_tags,#medal_retrieve_own_tags,true,true,false,#gamemode,#hash_0,#hash_0,#hash_0,#hash_0,false,false,0,?0,0
#hardpoint_kill,0,0,25,0,0,false,0,true,#hash_27e39b3a318f2d58,#hash_0,#hash_0,false,true,false,#hash_0,#hash_0,#hash_0,#hash_0,#hash_0,false,false,0,?0,0
#koth_secure,0,100,50,0,0,false,0,true,#hash_1f9567e657d2f7bc,#stats_koth_secure,#medal_koth_secure,true,true,false,#gamemode,#hash_0,#hash_0,#hash_0,#hash_0,false,false,0,?0,0
#quickly_secure_point,0,250,0,0,0,false,0,false,#hash_0,#stats_quickly_secure_point,#medal_quickly_secure_point,true,true,false,#gamemode,#hash_0,#hash_0,#hash_0,#hash_0,false,false,0,?0,0
#hardpoint_owned,0,25,15,0,0,false,0,false,#hash_49dba00c461183f9,#hash_0,#hash_0,false,true,false,#hash_0,#hash_0,#hash_0,#hash_0,#hash_0,false,false,0,?0,0
#planted_bomb,0,500,100,0,0,false,0,true,#hash_3a10006612ad78ef,#hash_0,#hash_0,false,true,false,#hash_0,#hash_0,#hash_0,#hash_0,#hash_0,false,false,0,?0,0
#defused_bomb,0,500,100,0,0,false,0,true,#hash_6eb23f983d7ea069,#stats_defused_bomb,#medal_defused_bomb,true,true,false,#gamemode,#hash_0,#hash_0,#hash_0,#hash_0,false,false,0,?0,0
#defused_bomb_last_man_alive,0,500,0,0,0,false,0,false,#hash_0,#stats_defused_bomb_last_man_alive,#medal_defused_bomb_last_man_alive,true,true,false,#gamemode,#hash_0,#hash_0,#hash_0,#hash_0,false,false,0,?0,0
#killed_bomb_planter,0,250,50,0,0,false,0,false,#hash_64994a65bcaf5739,#stats_killed_bomb_planter,#medal_killed_bomb_planter,true,true,false,#gamemode,#hash_0,#hash_0,#hash_0,#hash_0,false,false,0,?0,0
#killed_bomb_defuser,0,250,50,0,0,false,0,false,#hash_106122109016c4fb,#stats_killed_bomb_defuser,#medal_killed_bomb_defuser,true,true,false,#gamemode,#hash_0,#hash_0,#hash_0,#hash_0,false,false,0,?0,0
#bomb_detonated,0,500,100,0,0,false,0,true,#hash_76280c7908d93a15,#stats_bomb_detonated,#medal_bomb_detonated,true,true,false,#gamemode,#hash_0,#hash_0,#hash_0,#hash_0,false,false,0,?0,0
#final_kill_elimination,0,500,50,0,0,false,3,false,#hash_3182fe20b3bca089,#hash_0,#hash_0,false,true,false,#hash_0,#hash_0,#hash_0,#hash_0,#hash_0,false,false,0,?0,0
#elimination_and_last_player_alive,0,500,0,0,0,false,0,false,#hash_0,#stats_elimination_and_last_player_alive,#medal_elimination_and_last_player_alive,true,true,false,#gamemode,#hash_0,#hash_0,#hash_0,#hash_0,false,false,0,?0,0
#flag_grab,0,250,50,0,0,false,0,false,#hash_23abb863dec06647,#hash_0,#hash_0,false,true,false,#hash_0,#hash_0,#hash_0,#hash_0,#hash_0,false,false,0,?0,0
#flag_capture,0,500,200,0,0,false,0,true,#hash_23ed5067f54750b9,#stats_flag_capture,#medal_flag_capture,true,true,false,#gamemode,#hash_0,#hash_0,#hash_0,#hash_0,false,false,0,?0,0
#flag_return,0,250,100,0,0,false,0,true,#hash_67076d434dba3af7,#hash_0,#hash_0,false,true,false,#hash_0,#hash_0,#hash_0,#hash_0,#hash_0,false,false,0,?0,0
#flag_carrier_kill_return_close,0,250,0,0,0,false,0,false,#hash_0,#stats_flag_carrier_kill_return_close,#medal_flag_carrier_kill_return_close,true,true,false,#gamemode,#hash_0,#hash_0,#hash_0,#hash_0,false,false,0,?0,0
#defend_flag_carrier,0,250,50,0,0,false,0,false,#hash_10b5c48ac18a786a,#hash_0,#hash_0,false,true,false,#hash_0,#hash_0,#hash_0,#hash_0,#hash_0,false,false,0,?0,0
#killed_enemy_while_carrying_flag,0,500,50,0,0,false,0,false,#hash_3fc29c1a44f647d9,#stats_killed_enemy_while_carrying_flag,#medal_killed_enemy_while_carrying_flag,true,true,false,#gamemode,#hash_0,#hash_0,#hash_0,#hash_0,false,false,0,?0,0
#rescue_flag_carrier,0,250,50,0,0,false,0,false,#hash_726ce34882655a19,#hash_0,#hash_0,false,true,false,#hash_0,#hash_0,#hash_0,#hash_0,#hash_0,false,false,0,?0,0
#kill_flag_carrier,0,250,50,0,0,false,0,false,#hash_1adbab93883a7682,#stats_kill_flag_carrier,#medal_kill_flag_carrier,true,true,false,#gamemode,#hash_0,#hash_0,#hash_0,#hash_0,false,false,0,?0,0
#war_capture_progress,0,25,50,0,0,false,0,false,#hash_3515bf1abb92c839,#hash_0,#hash_0,false,true,false,#hash_0,#hash_0,#hash_0,#hash_0,#hash_0,false,false,0,?0,0
#war_captured_zone,0,50,100,0,0,false,0,false,#hash_14097df93be54ea,#stats_war_captured_zone,#medal_war_captured_zone,true,true,false,#gamemode,#hash_0,#hash_0,#hash_0,#hash_0,false,false,0,?0,0
#war_killed_enemy_while_capping_control,0,50,0,0,0,false,0,false,#hash_0,#stats_war_killed_enemy_while_capping_control,#medal_war_killed_enemy_while_capping_control,true,true,false,#gamemode,#hash_0,#hash_0,#hash_0,#hash_0,false,false,0,?0,0
#war_killed_attacker_in_zone,0,50,25,0,0,false,0,false,#hash_50ff391c7a60db,#hash_0,#hash_0,false,true,false,#gamemode,#hash_0,#hash_0,#hash_0,#hash_0,false,false,0,?0,0
#war_killed_defender_in_zone,0,50,25,0,0,false,0,false,#hash_7d708140005a1df7,#hash_0,#hash_0,false,true,false,#hash_0,#hash_0,#hash_0,#hash_0,#hash_0,false,false,0,?0,0
#hash_abbc936bf9059a6,0,25,25,0,0,false,0,false,#hash_34fa35ba1681b281,#hash_0,#hash_0,false,true,false,#hash_0,#hash_0,#hash_0,#hash_0,#hash_0,false,false,0,?0,0
#escort_robot_disable,0,150,150,0,0,false,0,false,#hash_5c16b53191080b82,#stats_escort_robot_disable,#medal_escort_robot_disable,true,true,false,#gamemode,#hash_0,#hash_0,#hash_0,#hash_0,false,false,0,?0,0
#escort_robot_disable_near_goal,0,150,150,0,0,false,0,false,#hash_5c16b53191080b82,#stats_escort_robot_disable_near_goal,#medal_escort_robot_disable_near_goal,true,true,false,#gamemode,#hash_0,#hash_0,#hash_0,#hash_0,false,false,0,?0,0
#escort_robot_disable_assist_25,0,50,100,0,0,false,0,false,#hash_49f39b2b68d55a94,#hash_0,#hash_0,false,true,false,#hash_0,#hash_0,#hash_0,#hash_0,#hash_0,false,false,0,?0,0
#escort_robot_disable_assist_50,0,75,100,0,0,false,0,false,#hash_49f39b2b68d55a94,#hash_0,#hash_0,false,true,false,#hash_0,#hash_0,#hash_0,#hash_0,#hash_0,false,false,0,?0,0
#escort_robot_reboot,0,150,150,0,0,false,0,false,#hash_5b6e87c4c27f5bfb,#hash_0,#hash_0,false,true,false,#hash_0,#hash_0,#hash_0,#hash_0,#hash_0,false,false,0,?0,0
#escort_robot_escort,0,50,25,0,0,false,0,false,#hash_5063a5ecbb17771a,#hash_0,#hash_0,false,true,false,#hash_0,#hash_0,#hash_0,#hash_0,#hash_0,false,false,0,?0,0
#escort_robot_escort_goal,0,300,300,0,0,false,0,false,#hash_49c901a2cf293200,#stats_escort_robot_escort_goal,#medal_escort_robot_escort_goal,true,true,false,#gamemode,#hash_0,#hash_0,#hash_0,#hash_0,false,false,0,?0,0
#revived_teammate,0,250,0,0,0,false,0,true,#hash_7e5ea0847c0fe312,#stats_bounty_hunter_revived_teammate,#hash_5970f8a5b331793a,true,true,false,#gamemode,#hash_0,#hash_0,#hash_0,#hash_0,false,false,500,?0,0
#downed_enemy,0,250,0,0,0,false,0,true,#hash_2073499505d9f014,#stats_bounty_hunter_downed_enemy,#hash_76e08d8783e662bc,true,true,true,#gamemode,#hash_0,#hash_0,#hash_0,#hash_0,false,false,50,?0,0
#hash_3fda0d1b23f46dbe,0,100,0,0,0,false,0,false,#hash_0,#stats_bounty_hunter_melee_downed_enemy,#hash_56f5ebf8c833f159,true,true,true,#gamemode,#hash_0,#hash_0,#hash_0,#hash_0,false,false,0,?0,0
#round_won,0,500,0,0,0,false,0,false,#hash_552195901e5c49b8,#hash_0,#hash_0,false,true,false,#gamemode,#hash_0,#hash_0,#hash_0,#hash_0,false,false,1250,?0,0
#round_lost,0,500,0,0,0,false,0,false,#hash_9f1f6014d53b577,#hash_0,#hash_0,false,true,false,#gamemode,#hash_0,#hash_0,#hash_0,#hash_0,false,false,1000,?0,0
#hash_2626334909405935,0,250,0,0,0,false,0,false,#hash_5bbd2fd1e6317aae,#hash_0,#hash_0,false,true,false,#gamemode,#hash_0,#hash_0,#hash_0,#hash_0,false,false,200,?0,0
#cleaned_up,0,50,0,0,0,false,0,false,#hash_29a7cd86c74aaa0a,#hash_0,#hash_0,false,false,false,#hash_0,#hash_0,#hash_0,#hash_0,#hash_0,false,false,50,?0,0
#kill_gun,0,200,10,0,0,false,0,true,#hash_1f2910f5534bf583,#hash_0,#hash_0,false,true,true,#hash_0,#hash_0,#hash_0,#hash_0,#hash_0,false,false,0,?0,0
#humiliation_gun,0,100,0,0,0,false,0,false,#hash_0,#stats_humiliation_gun,#hash_5e9d7c3051f4ed82,true,true,false,#gamemode,#hash_0,#hash_0,#hash_0,#hash_0,false,false,0,?0,0
#melee_leader_gun,0,100,0,0,0,false,0,false,#hash_0,#stats_melee_leader_gun,#hash_4bf740c65c8462d6,true,true,false,#gamemode,#hash_0,#hash_0,#hash_0,#hash_0,false,false,0,?0,0
#kill_in_3_seconds_gun,0,150,0,0,0,false,0,false,#hash_0,#hash_1be683965aef3b10,#hash_14f7ee0de4a5d674,true,true,false,#gamemode,#hash_0,#hash_0,#hash_0,#hash_0,false,false,0,?0,0
#hash_4c6081a9cebf868a,0,100,10,0,0,false,0,true,#hash_0,#hash_45a89ffba23d61de,#hash_67c283301ae4031e,true,true,false,#gamemode,#hash_0,#hash_0,#hash_0,#hash_0,false,false,0,?0,0
#humiliation_sas,0,100,0,0,0,false,0,false,#hash_6751eab989a1a86f,#stats_melee_leader_gun,#hash_4bf740c65c8462d6,true,true,false,#gamemode,#hash_0,#hash_0,#hash_0,#hash_0,false,false,0,?0,0
#hash_6c8030eb05b53d5a,0,100,25,0,0,false,0,false,#hash_3344a7a144349125,#hash_0,#hash_0,false,true,false,#hash_0,#hash_0,#hash_0,#hash_0,#hash_0,false,false,0,?0,0
#hash_614b27b37ccee280,0,100,100,0,0,false,0,false,#hash_4540ff4b12c5f139,#hash_0,#hash_0,false,true,false,#hash_0,#hash_0,#hash_0,#hash_0,#hash_0,false,false,0,?0,0
#hash_25ec47f9609803a9,0,100,100,0,0,false,0,false,#hash_1a3da1644636a00e,#hash_0,#hash_0,false,true,false,#hash_0,#hash_0,#hash_0,#hash_0,#hash_0,false,false,0,?0,0
#survivor,0,100,10,0,0,false,0,false,#hash_17fbaa3313bbf240,#stats_survivor,#hash_0,false,false,false,#hash_0,#hash_0,#hash_0,#hash_0,#hash_0,false,false,0,?0,0
#clean_enemy_collect,0,50,25,0,0,false,0,false,#hash_b2f30d3fce56d59,#hash_0,#hash_0,false,true,false,#hash_0,#hash_0,#hash_0,#hash_0,#hash_0,false,false,0,?0,0
#clean_enemy_deposit,0,100,50,0,0,false,0,true,#hash_5f62ddca817ce8d,#hash_0,#hash_0,false,true,false,#hash_0,#hash_0,#hash_0,#hash_0,#hash_0,false,false,0,?0,0
#clean_friendly_collect,0,50,25,0,0,false,0,true,#hash_c3cf9dc71feade6,#hash_0,#hash_0,false,true,false,#hash_0,#hash_0,#hash_0,#hash_0,#hash_0,false,false,0,?0,0
#clean_own_collect,0,250,25,0,0,false,0,false,#hash_c3cf9dc71feade6,#hash_0,#hash_0,false,true,false,#hash_0,#hash_0,#hash_0,#hash_0,#hash_0,false,false,0,?0,0
#clean_assist_collect,0,50,25,0,0,false,0,false,#hash_6a9cc85bf4b5702e,#hash_0,#hash_0,false,true,false,#hash_0,#hash_0,#hash_0,#hash_0,#hash_0,false,false,0,?0,0
#clean_multi_deposit_normal,0,100,0,0,0,false,0,false,#hash_0,#hash_2aef476542e803e5,#medal_clean_multi_deposit_normal,true,true,false,#gamemode,#hash_0,#hash_0,#hash_0,#hash_0,false,false,0,?0,0
#clean_multi_deposit_big,0,200,0,0,0,false,0,false,#hash_0,#hash_7c384375f28da918,#medal_clean_multi_deposit_big,true,true,false,#gamemode,#hash_0,#hash_0,#hash_0,#hash_0,false,false,0,?0,0
#clean_kill_enemy_carrying_tacos,0,100,0,0,0,false,0,false,#hash_0,#hash_453c2777e28e531d,#medal_clean_kill_enemy_carrying_tacos,true,true,false,#gamemode,#hash_0,#hash_0,#hash_0,#hash_0,false,false,0,?0,0
#clean_multi_deny_tacos,0,100,0,0,0,false,0,false,#hash_0,#hash_6ab097287dd3128e,#medal_clean_multi_deny_tacos,true,true,false,#gamemode,#hash_0,#hash_0,#hash_0,#hash_0,false,false,0,?0,0
#shamrock_enemy_collect,0,50,25,0,0,false,0,false,#hash_4ecd77858b5ff3c0,#hash_0,#hash_0,false,true,false,#hash_0,#hash_0,#hash_0,#hash_0,#hash_0,false,false,0,?0,0
#shamrock_enemy_deposit,0,100,50,0,0,false,0,true,#hash_43dd5918238cbae0,#hash_0,#hash_0,false,true,false,#hash_0,#hash_0,#hash_0,#hash_0,#hash_0,false,false,0,?0,0
#shamrock_friendly_collect,0,50,25,0,0,false,0,true,#hash_288c641d628bcb1d,#hash_0,#hash_0,false,true,false,#hash_0,#hash_0,#hash_0,#hash_0,#hash_0,false,false,0,?0,0
#shamrock_own_collect,0,250,25,0,0,false,0,false,#hash_288c641d628bcb1d,#hash_0,#hash_0,false,true,false,#hash_0,#hash_0,#hash_0,#hash_0,#hash_0,false,false,0,?0,0
#shamrock_assist_collect,0,50,25,0,0,false,0,false,#hash_6ed4e5955e318dd,#hash_0,#hash_0,false,true,false,#hash_0,#hash_0,#hash_0,#hash_0,#hash_0,false,false,0,?0,0
#first_infected,0,0,200,0,0,false,0,false,#hash_4bf208a07733d63d,#hash_0,#hash_0,false,true,false,#hash_0,#hash_0,#hash_0,#hash_0,#hash_0,false,false,0,?0,0
#infected_survivor,0,100,200,0,0,false,0,false,#hash_3887f79f505d8dcd,#hash_4de5e17306861638,#hash_27d7b3fff8aaf878,true,true,false,#gamemode,#hash_0,#hash_0,#hash_0,#hash_0,false,false,0,?0,0
#survivor_still_alive,0,0,50,0,0,false,0,false,#hash_541891e4eb1897e0,#hash_0,#hash_0,false,true,false,#hash_0,#hash_0,#hash_0,#hash_0,#hash_0,false,false,0,?0,0
#final_survivor,0,250,350,0,0,false,0,false,#hash_43a1a0d614c400e1,#hash_6ee343cc102e8cc6,#hash_75be18e80a1b7f06,true,true,false,#gamemode,#hash_0,#hash_0,#hash_0,#hash_0,false,false,0,?0,0
#hash_611f76f9237038ca,0,150,0,0,0,false,0,false,#hash_0,#hash_3ac0b25bcb4d86c5,#hash_5aeb5bcc26a9685,true,true,false,#gamemode,#hash_0,#hash_0,#hash_0,#hash_0,false,false,0,?0,0
#hash_87a66991097bd18,0,150,0,0,0,false,0,false,#hash_0,#hash_26187deba312d31f,#hash_24ca23dc4294835f,true,true,false,#gamemode,#hash_0,#hash_0,#hash_0,#hash_0,false,false,0,?0,0
#prop_survived_entire_round,0,150,0,0,0,false,0,false,#hash_0,#hash_26ad7e14e5e3efde,#hash_20ba2708d32cb81e,true,true,false,#gamemode,#hash_0,#hash_0,#hash_0,#hash_0,false,false,0,?0,0
#prop_killed_three_props,0,150,0,0,0,false,0,false,#hash_0,#hash_284beffb0bbf620e,#hash_19adc6fa0771654e,true,true,false,#gamemode,#hash_0,#hash_0,#hash_0,#hash_0,false,false,0,?0,0
#prop_killed_all_props,0,250,0,0,0,false,0,false,#hash_0,#hash_483a61096bf41689,#hash_19e16a711deb37c9,true,true,false,#gamemode,#hash_0,#hash_0,#hash_0,#hash_0,false,false,0,?0,0
#prop_survived,0,50,0,0,0,false,0,false,#hash_0,#hash_56c6d6727b0b9367,#medal_prop_survived,true,true,false,#gamemode,#hash_0,#hash_0,#hash_0,#hash_0,false,false,0,?0,0
#clone_was_destroyed,0,10,10,0,0,false,0,false,#hash_7556fca3202783ca,#hash_0,#hash_0,false,true,false,#hash_0,#hash_0,#hash_0,#hash_0,#hash_0,false,false,0,?0,0
#still_alive,0,25,25,0,0,false,0,true,#hash_c1ab9082b483c86,#hash_0,#hash_0,false,true,false,#hash_0,#hash_0,#hash_0,#hash_0,#hash_0,false,false,0,?0,0
#still_alive_medium_bonus,0,50,50,0,0,false,0,false,#hash_3184402c05ae6ab,#hash_0,#hash_0,false,true,false,#hash_0,#hash_0,#hash_0,#hash_0,#hash_0,false,false,0,?0,0
#still_alive_large_bonus,0,75,75,0,0,false,0,false,#hash_2432b9edb2b0fd8e,#hash_0,#hash_0,false,true,false,#hash_0,#hash_0,#hash_0,#hash_0,#hash_0,false,false,0,?0,0
#still_alive_extra_large_bonus,0,100,100,0,0,false,0,false,#hash_8b80762a6fb40cf,#hash_0,#hash_0,false,true,false,#hash_0,#hash_0,#hash_0,#hash_0,#hash_0,false,false,0,?0,0
#kill_enemy_grenade_throwback,0,0,0,0,0,false,0,false,#hash_0,#hash_0,#hash_0,false,false,false,#hash_0,#hash_0,#hash_0,#hash_0,#hash_0,false,false,0,?0,0
#hacked,0,0,0,0,0,false,0,false,#hash_0,#hash_0,#hash_0,false,false,false,#hash_0,#hash_0,#hash_0,#hash_0,#hash_0,false,false,0,?0,0
#hash_404f4ab8edc8e94b,0,0,0,0,0,false,0,false,#hash_0,#hash_0,#hash_0,false,false,false,#hash_0,#hash_0,#hash_0,#hash_0,#hash_0,false,false,0,?0,0
#hash_404f49b8edc8e798,0,0,0,0,0,false,0,false,#hash_0,#hash_0,#hash_0,false,false,false,#hash_0,#hash_0,#hash_0,#hash_0,#hash_0,false,false,0,?0,0
#hash_404f50b8edc8f37d,0,0,0,0,0,false,0,false,#hash_0,#hash_0,#hash_0,false,false,false,#hash_0,#hash_0,#hash_0,#hash_0,#hash_0,false,false,0,?0,0
#hash_404f4fb8edc8f1ca,0,0,0,0,0,false,0,false,#hash_0,#hash_0,#hash_0,false,false,false,#hash_0,#hash_0,#hash_0,#hash_0,#hash_0,false,false,0,?0,0
#hash_404f4eb8edc8f017,0,0,0,0,0,false,0,false,#hash_0,#hash_0,#hash_0,false,false,false,#hash_0,#hash_0,#hash_0,#hash_0,#hash_0,false,false,0,?0,0
#hash_404f4db8edc8ee64,0,0,0,0,0,false,0,false,#hash_0,#hash_0,#hash_0,false,false,false,#hash_0,#hash_0,#hash_0,#hash_0,#hash_0,false,false,0,?0,0
#hash_404f44b8edc8df19,0,0,0,0,0,false,0,false,#hash_0,#hash_0,#hash_0,false,false,false,#hash_0,#hash_0,#hash_0,#hash_0,#hash_0,false,false,0,?0,0
#hash_658629ce68f99fb5,0,0,0,0,0,false,0,false,#hash_0,#hash_0,#hash_0,false,false,false,#hash_0,#hash_0,#hash_0,#hash_0,#hash_0,false,false,0,?0,0
#hash_1343f5418bd52c6c,0,0,0,0,0,false,0,false,#hash_0,#hash_0,#hash_0,false,false,false,#hash_0,#hash_0,#hash_0,#hash_0,#hash_0,false,false,0,?0,0
#hash_606050eba99a3913,0,0,0,0,0,false,0,false,#hash_0,#hash_0,#hash_0,false,false,false,#hash_0,#hash_0,#hash_0,#hash_0,#hash_0,false,false,0,?0,0
#hash_1ed8a05490cfe606,0,0,0,0,0,false,0,false,#hash_0,#hash_0,#hash_0,false,false,false,#hash_0,#hash_0,#hash_0,#hash_0,#hash_0,false,false,0,?0,0
#hash_2f3000a4b38e9235,0,0,0,0,0,false,0,false,#hash_0,#hash_0,#hash_0,false,false,false,#hash_0,#hash_0,#hash_0,#hash_0,#hash_0,false,false,0,?0,0
#hash_1352459d518467e4,0,0,0,0,0,false,0,false,#hash_0,#hash_0,#hash_0,false,false,false,#hash_0,#hash_0,#hash_0,#hash_0,#hash_0,false,false,0,?0,0
#hash_6da3ec0deab3fd5f,0,0,0,0,0,false,0,false,#hash_0,#hash_0,#hash_0,false,false,false,#hash_0,#hash_0,#hash_0,#hash_0,#hash_0,false,false,0,?0,0
#hash_53fda4e867762a91,0,0,0,0,0,false,0,false,#hash_0,#hash_0,#hash_0,false,false,false,#hash_0,#hash_0,#hash_0,#hash_0,#hash_0,false,false,0,?0,0
#hash_62fadae1e80b17b5,0,0,0,0,0,false,0,false,#hash_0,#hash_0,#hash_0,false,false,false,#hash_0,#hash_0,#hash_0,#hash_0,#hash_0,false,false,0,?0,0
#hash_24bc380c60ac77de,0,0,0,0,0,false,0,false,#hash_0,#hash_0,#hash_0,false,false,false,#hash_0,#hash_0,#hash_0,#hash_0,#hash_0,false,false,0,?0,0
#hash_6caca7526c2bce54,0,0,0,0,0,false,0,false,#hash_0,#hash_0,#hash_0,false,false,false,#hash_0,#hash_0,#hash_0,#hash_0,#hash_0,false,false,0,?0,0
#hash_71388b5d1f84fa54,0,0,0,0,0,false,0,false,#hash_0,#hash_0,#hash_0,false,false,false,#hash_0,#hash_0,#hash_0,#hash_0,#hash_0,false,false,0,?0,0
#hash_23ea1436025bb7d5,0,0,0,0,0,false,0,false,#hash_0,#hash_0,#hash_0,false,false,false,#hash_0,#hash_0,#hash_0,#hash_0,#hash_0,false,false,0,?0,0
#hash_615d2e02d1d3769c,0,0,0,0,0,false,0,false,#hash_0,#hash_0,#hash_0,false,false,false,#hash_0,#hash_0,#hash_0,#hash_0,#hash_0,false,false,0,?0,0
#hash_1f661efe5e6707ad,0,0,0,0,0,false,0,false,#hash_0,#hash_0,#hash_0,false,false,false,#hash_0,#hash_0,#hash_0,#hash_0,#hash_0,false,false,0,?0,0
#hash_a9d9b153aef8e1d,0,0,0,0,0,false,0,false,#hash_0,#hash_0,#hash_0,false,false,false,#hash_0,#hash_0,#hash_0,#hash_0,#hash_0,false,false,0,?0,0
#hash_124df03b22097439,0,0,0,0,0,false,0,false,#hash_0,#hash_0,#hash_0,false,false,false,#hash_0,#hash_0,#hash_0,#hash_0,#hash_0,false,false,0,?0,0
#hash_51561cf52234268f,0,0,0,0,0,false,0,false,#hash_0,#hash_0,#hash_0,false,false,false,#hash_0,#hash_0,#hash_0,#hash_0,#hash_0,false,false,0,?0,0
#hash_59733ef5b1577277,0,0,0,0,0,false,0,false,#hash_0,#hash_0,#hash_0,false,false,false,#hash_0,#hash_0,#hash_0,#hash_0,#hash_0,false,false,0,?0,0
#hash_1bf180f8945b240d,0,0,0,0,0,false,0,false,#hash_0,#hash_0,#hash_0,false,false,false,#hash_0,#hash_0,#hash_0,#hash_0,#hash_0,false,false,0,?0,0
#hash_6a0a43aa391f18f,0,0,0,0,0,false,0,false,#hash_0,#hash_0,#hash_0,false,false,false,#hash_0,#hash_0,#hash_0,#hash_0,#hash_0,false,false,0,?0,0
#hash_4f2f85d71af52a0a,0,0,0,0,0,false,0,false,#hash_0,#hash_0,#hash_0,false,false,false,#hash_0,#hash_0,#hash_0,#hash_0,#hash_0,false,false,0,?0,0
#hash_bad79b50f40ce0b,0,0,0,0,0,false,0,false,#hash_0,#hash_0,#hash_0,false,false,false,#hash_0,#hash_0,#hash_0,#hash_0,#hash_0,false,false,0,?0,0
#hash_38ce4ad6f4be82b8,0,0,0,0,0,false,0,false,#hash_0,#hash_0,#hash_0,false,false,false,#hash_0,#hash_0,#hash_0,#hash_0,#hash_0,false,false,0,?0,0
#hash_65740dfcbe404000,0,0,0,0,0,false,0,false,#hash_0,#hash_0,#hash_0,false,false,false,#hash_0,#hash_0,#hash_0,#hash_0,#hash_0,false,false,0,?0,0
#hash_5a0ba26fc228a9aa,0,0,0,0,0,false,0,false,#hash_0,#hash_0,#hash_0,false,false,false,#hash_0,#hash_0,#hash_0,#hash_0,#hash_0,false,false,0,?0,0
#emp_shutdown,0,0,0,0,0,false,0,false,#hash_0,#hash_0,#hash_0,false,false,false,#hash_0,#hash_0,#hash_0,#hash_0,#hash_0,false,false,0,?0,0
#emp_assist,0,0,0,0,0,false,0,false,#hash_0,#hash_0,#hash_0,false,false,false,#hash_0,#hash_0,#hash_0,#hash_0,#hash_0,false,false,0,?0,0
#hash_4359ef4c832c032f,0,0,0,0,0,false,0,false,#hash_0,#hash_0,#hash_0,false,false,false,#hash_0,#hash_0,#hash_0,#hash_0,#hash_0,false,false,0,?0,0
#dirty_bomb_kill,0,0,0,0,0,false,0,false,#hash_0,#hash_0,#hash_0,false,false,false,#hash_0,#hash_0,#hash_0,#hash_0,#hash_0,false,false,0,?0,0
#flare_assist,0,0,0,0,0,false,0,false,#hash_0,#hash_0,#hash_0,false,false,false,#hash_0,#hash_0,#hash_0,#hash_0,#hash_0,false,false,0,?0,0
#swarm_destroyed,0,0,0,0,0,false,0,false,#hash_0,#hash_0,#hash_0,false,false,false,#hash_0,#hash_0,#hash_0,#hash_0,#hash_0,false,false,0,?0,0
#dom_point_secured_neutralizing,0,0,0,0,0,false,0,false,#hash_0,#hash_0,#hash_0,false,false,false,#hash_0,#hash_0,#hash_0,#hash_0,#hash_0,false,false,0,?0,0
#dom_point_neutralized_neutralizing,0,0,0,0,0,false,0,false,#hash_0,#hash_0,#hash_0,false,false,false,#hash_0,#hash_0,#hash_0,#hash_0,#hash_0,false,false,0,?0,0
#kill_enemy_that_is_capping_your_team_dom,0,0,0,0,0,false,0,false,#hash_0,#hash_0,#hash_0,false,false,false,#hash_0,#hash_0,#hash_0,#hash_0,#hash_0,false,false,0,?0,0
#hash_437494fe912ad739,0,0,0,0,0,false,0,false,#hash_0,#hash_0,#hash_0,false,false,false,#hash_0,#hash_0,#hash_0,#hash_0,#hash_0,false,false,0,?0,0
#hash_1a5dd9fb2ffe5e7a,0,0,0,0,0,false,0,false,#hash_0,#hash_0,#hash_0,false,false,false,#hash_0,#hash_0,#hash_0,#hash_0,#hash_0,false,false,0,?0,0
#hash_871db7c54ac4c8,0,0,0,0,0,false,0,false,#hash_0,#hash_0,#hash_0,false,false,false,#hash_0,#hash_0,#hash_0,#hash_0,#hash_0,false,false,0,?0,0
#hash_2cbb2354f066e90,0,0,0,0,0,false,0,false,#hash_0,#hash_0,#hash_0,false,false,false,#hash_0,#hash_0,#hash_0,#hash_0,#hash_0,false,false,0,?0,0
#hash_116d984c5c7c887e,0,0,0,0,0,false,0,false,#hash_0,#hash_0,#hash_0,false,false,false,#hash_0,#hash_0,#hash_0,#hash_0,#hash_0,false,false,0,?0,0
#hash_54a5706bf2b2b41c,0,0,0,0,0,false,0,false,#hash_0,#hash_0,#hash_0,false,false,false,#hash_0,#hash_0,#hash_0,#hash_0,#hash_0,false,false,0,?0,0
#hash_468ad9ee571cf1c6,0,0,0,0,0,false,0,false,#hash_0,#hash_0,#hash_0,false,false,false,#hash_0,#hash_0,#hash_0,#hash_0,#hash_0,false,false,0,?0,0
#hash_15641f43eb61e013,0,0,0,0,0,false,0,false,#hash_0,#hash_0,#hash_0,false,false,false,#hash_0,#hash_0,#hash_0,#hash_0,#hash_0,false,false,0,?0,0
#hash_5026f740111fa462,0,0,0,0,0,false,0,false,#hash_0,#hash_0,#hash_0,false,false,false,#hash_0,#hash_0,#hash_0,#hash_0,#hash_0,false,false,0,?0,0
#hash_6d039d8eb80b2288,0,0,0,0,0,false,0,false,#hash_0,#hash_0,#hash_0,false,false,false,#hash_0,#hash_0,#hash_0,#hash_0,#hash_0,false,false,0,?0,0
#hash_550a6f6cb203b4df,0,0,0,0,0,false,0,false,#hash_0,#hash_0,#hash_0,false,false,false,#hash_0,#hash_0,#hash_0,#hash_0,#hash_0,false,false,0,?0,0
#hash_16fb78b5e243290,0,0,0,0,0,false,0,false,#hash_0,#hash_0,#hash_0,false,false,false,#hash_0,#hash_0,#hash_0,#hash_0,#hash_0,false,false,0,?0,0
#hash_28a8b95557ddc249,0,0,0,0,0,false,0,false,#hash_0,#hash_0,#hash_0,false,false,false,#hash_0,#hash_0,#hash_0,#hash_0,#hash_0,false,false,0,?0,0
#hash_292f07fc6e85bf7a,0,0,0,0,0,false,0,false,#hash_0,#hash_0,#hash_0,false,false,false,#hash_0,#hash_0,#hash_0,#hash_0,#hash_0,false,false,0,?0,0
#hash_32591f4be1bf4f22,0,0,0,0,0,false,0,false,#hash_0,#hash_0,#hash_0,false,false,false,#hash_0,#hash_0,#hash_0,#hash_0,#hash_0,false,false,0,?0,0
#hash_78cb6a053f51a857,0,0,0,0,0,false,0,false,#hash_0,#hash_0,#hash_0,false,false,false,#hash_0,#hash_0,#hash_0,#hash_0,#hash_0,false,false,0,?0,0
#hash_3202a744d141627b,0,0,0,0,0,false,0,false,#hash_0,#hash_0,#hash_0,false,false,false,#hash_0,#hash_0,#hash_0,#hash_0,#hash_0,false,false,0,?0,0
#hash_2d44fcd5feba9851,0,0,0,0,0,false,0,false,#hash_0,#hash_0,#hash_0,false,false,false,#hash_0,#hash_0,#hash_0,#hash_0,#hash_0,false,false,0,?0,0
