#akawaka,2,#orbis,0
#hash_6e5d8928718eed0,2,#orbis,0
#the_absolute,2,#orbis,0
#karlypants,2,#orbis,0
#nkd_hedgehog,2,#orbis,0
#snouriani,2,#orbis,0
#ymatter,2,#orbis,0
#greekbagel,2,#durango,0
#hash_551b45be94699f4e,2,#pc,350277994
#greekbagel,2,#orbis,0
#dowerq,2,#orbis,0
#onedoodlemonkey,2,#orbis,0
#hash_7a96b6e84f729e1c,2,#orbis,0
#benwork,2,#durango,0
#profsrchaos,2,#orbis,0
#hash_27675fb3b16239a5,2,#orbis,0
#axisof3vil_,2,#orbis,0
#hash_5d9b0a6d58e90d04,2,#orbis,0
#soulzen,2,#orbis,0
#deejaykingkong,2,#orbis,0
#reddotsshotguns,2,#orbis,0
#hash_569c86792adbd442,2,#pc,54005424
#spartalocal,2,#orbis,0
#thesubdk,2,#orbis,0
#djblewis,2,#orbis,0
#gerdolp,2,#orbis,0
#goliathi3,2,#orbis,0
#hash_2dedadaae48d92e3,2,#pc,1487213
#valus_saga,2,#orbis,0
#wreckss,2,#orbis,0
#hash_39bac42a3ecdfbde,2,#orbis,0
#hash_5a2e3f5bda6298f5,2,#orbis,0
#snygglol,2,#orbis,0
#pab_1337_o,2,#orbis,0
#hash_22f5b528f2e394e9,2,#pc,929151
#hash_5a021db99053318c,2,#pc,64715178
#magicsista24,2,#orbis,0
#hash_327c9c14fe1d8d49,2,#orbis,0
#mrsdoublefire,2,#orbis,0
#hash_62ee373f0dd45244,2,#orbis,0
#hash_687a21103831058,2,#orbis,0
#revan1322,2,#orbis,0
#hash_74896177ddf9eec4,2,#orbis,0
#ticklematters,2,#orbis,0
#thehyena,2,#orbis,0
#hash_421b0de01e411295,2,#pc,63828298
#hash_8a7068dd0935b1a,2,#pc,317798860
#shaddydog,2,#orbis,0
#hash_485956256cb0ec9,2,#orbis,0
#hash_79019484b31ca0a0,2,#orbis,0
#tdog,2,#orbis,0
#billybones,2,#orbis,0
#hash_7acb92791e1dc375,2,#pc,347426628
#doctorewy,2,#orbis,0
#hash_34f9705da8968e40,2,#pc,15016
#samizul,2,#durango,0
#hash_5b51020619ad01bb,2,#orbis,0
#binarybat,2,#orbis,0
#hash_6b1f0f1e90b0edaf,2,#pc,69749396
#bharathwaj,2,#durango,0
#penpenster16,2,#orbis,0
#hash_743e694e3a5f6470,2,#pc,56198944
#wrecks,2,#durango,0
#goslin23,2,#orbis,0
#hash_7c49d7db5130aff2,2,#pc,50385414
#drktrk,2,#durango,0
#hash_7d5e75fda786c617,2,#pc,51382298
#drunkronswanson,2,#orbis,0
#hash_1fd5375be8a0d9bf,2,#orbis,0
#hash_5d2cdb6dad944675,2,#orbis,0
#hash_34350bd9b728b0b3,2,#orbis,0
#hash_4e70178a6c2be1d4,2,#pc,55630249
#zellqt,2,#orbis,0
#valtir,2,#orbis,0
#hash_6b6b7cdb86d3abee,2,#durango,0
#hash_d5c16cbc341fbaf,2,#orbis,0
#abbem,2,#orbis,0
#trooper226,2,#durango,0
#trooper-226,2,#orbis,0
#berzercurmudgeon,2,#orbis,0
#hash_263accab36e25731,2,#durango,0
#agreeable_sloth,2,#orbis,0
#jammerhase,2,#orbis,0
#memesis,2,#orbis,0
#agreeable sloth,2,#durango,0
#hash_436da135738a74c1,2,#orbis,0
#perditionforest,2,#orbis,0
#perditionforest,2,#durango,0
#hash_f23bc38b32c3ae7,2,#pc,306164183
#hash_ea1a6ce7baefb00,2,#orbis,0
#hash_7c6f0b5e56265203,2,#orbis,0
#veigus,2,#durango,0
#hash_17b9dd3d3a7ebcfa,2,#durango,0
#hash_24001f1ad132f0f3,2,#pc,79197043
#shift9,2,#orbis,0
#cladude,2,#orbis,0
#hash_4959fa732fcbaa9,2,#pc,53536218
#hash_15778dbb8ed8f8d9,2,#durango,0
#hash_715e2dfccba0a4bd,2,#pc,302771112
#gr1mj0w,2,#orbis,0
#reccos150,2,#orbis,0
#animystic,2,#orbis,0
#maipenrai,2,#durango,0
#hash_69541f769a8eb496,2,#pc,71145181
#grenug,2,#orbis,0
#hash_243e2a4940254bf1,2,#orbis,0
#hash_2aaaab06366e5d95,2,#pc,82965790
#streambuf,2,#orbis,0
#ad_l1b,2,#orbis,0
#hash_4d4b44e0a08af6d0,2,#pc,1473042
#csg180,2,#orbis,0
#hash_1431d89e6b74441b,2,#orbis,0
#chelexiffer,2,#orbis,0
#hash_49f8730d35987cee,2,#pc,1454363
#hash_5c43e0bc6f47bb33,2,#orbis,0
#tswift4eva,2,#orbis,0
#hash_12dede472ac18f77,2,#pc,257274
#hash_30c93fe68862e395,2,#orbis,0
#hash_390c3e9093364bf4,2,#orbis,0
#hash_6517737647024abc,2,#pc,63183549
#hash_20b31bd8ba48b456,2,#orbis,0
#hash_5a15738e21922d1b,2,#pc,55693888
#mrredsun,2,#durango,0
#mrredsun,2,#orbis,0
#dangerbunny17,2,#orbis,0
#hash_54b8e845e251701e,2,#pc,51664773
#tavlek,2,#orbis,0
#hash_7634904a5341805f,2,#pc,1352664
#ignomo,2,#durango,0
#ignomosabi,2,#orbis,0
#hash_2838067a45b51328,2,#orbis,0
#judgereinholdd,2,#orbis,0
#asswhoop9000,2,#durango,0
#tap_taps,2,#orbis,0
#touevsky,2,#orbis,0
#kastchei,2,#durango,0
#hash_4a46c44beedfa269,2,#orbis,0
#bronwin,2,#orbis,0
#das jackalope,2,#durango,0
#krcgames001,2,#orbis,0
#hash_1851bb68f81258ea,2,#pc,845163
#hash_cd33678a51408df,2,#pc,56868454
#tubular42,2,#orbis,0
#tubular42,2,#durango,0
#hash_7f7529aaf7d815c0,2,#pc,380899632
#therealvalepato,2,#orbis,0
#rachillin738,2,#orbis,0
#hash_555ae3c1a2e56e31,2,#orbis,0
#galop1n,2,#durango,0
#hash_3a9fd38c3fefac87,2,#pc,105988706
#hash_50278e2d3c1d9a5,2,#pc,62208841
#rudyparks,2,#orbis,0
#hash_31d7134a41ac4860,2,#orbis,0
#dieselrabbit79,2,#orbis,0
#hash_600c2394c762caf7,2,#orbis,0
#painreaper,2,#durango,0
#hash_d043ebd2ec3b562,2,#durango,0
#hash_d043ebd2ec3b562,2,#orbis,0
#hash_5df05449cf078ef4,2,#orbis,0
#z3r0extreme,2,#orbis,0
#hash_66c6f69cc13b0430,2,#pc,54871912
#hash_105f031b6959c4b,2,#orbis,0
#hash_33d119e6a3868abc,2,#pc,74317
#z3r0extreme,2,#durango,0
#hash_3bf3e1ba7e7dd506,2,#durango,0
#hash_12ba4f3d94278130,2,#orbis,0
#jraf14,2,#orbis,0
#hash_bab21c79402ef74,2,#pc,71496965
#hash_49a01bb4d773d590,2,#orbis,0
#hash_49a01bb4d773d590,2,#durango,0
#hash_1377911673288f30,2,#pc,70214264
#abalone_bologna,2,#orbis,0
#hash_7d1a31a00de778eb,2,#orbis,0
#hash_7c61770ca5c63a51,2,#pc,50649560
#hash_56b85ea414dff09e,2,#pc,87595406
#hash_64c1394328365844,2,#durango,0
#hash_64c1394328365844,2,#orbis,0
#hash_446b4be30709c593,2,#orbis,0
#kesstc,2,#orbis,0
#scottman_243,2,#orbis,0
#hash_7fde2ab575d98035,2,#pc,50612041
#hash_7ad79e3d0d65308c,2,#pc,1304995
#dissentia,2,#orbis,0
#novaballer,2,#durango,0
#mattks_,2,#orbis,0
#mattks,2,#durango,0
#grimm-one,2,#orbis,0
#grimm-one,2,#durango,0
#hash_3cc17e8aafb43c13,2,#orbis,0
#faulfechter,2,#durango,0
#moffius-13-,2,#orbis,0
#hash_321df2fdb45b8465,2,#orbis,0
#hash_7f128f4611c1075a,2,#durango,0
#hash_695e7bb0ce47fac5,2,#pc,336808894
#reppizfive,2,#orbis,0
#jefro41,2,#orbis,0
#jefro41,2,#durango,0
#hash_770553aac17cd82,2,#pc,70108483
#peedir,2,#orbis,0
#feudalriver76,2,#orbis,0
#hash_59a4ac4d11b60874,2,#orbis,0
#hash_18481dfa245b84e2,2,#orbis,0
#hash_4e96b58398ac62f8,2,#pc,347587240
#suzor7,2,#orbis,0
#sanemuch,2,#durango,0
#b_squared11,2,#orbis,0
#x b squared11 x,2,#durango,0
#hash_6cabfe5b60d9a6d2,2,#orbis,0
#hash_2719ba6fc4e33e15,2,#orbis,0
#yer_,2,#orbis,0
#yer,2,#durango,0
#hash_aca389060680485,2,#orbis,0
#hash_f635f13171854b8,2,#durango,0
#hash_47c690f862e26789,2,#pc,84246218
#paulomf88,2,#orbis,0
#hash_7aab2803138697df,2,#orbis,0
#hash_5a0490fe08896dad,2,#durango,0
#gunsmitten,2,#orbis,0
#rungsi,2,#orbis,0
#hash_649d3dfac0bb1d14,2,#pc,980792
#hash_5805c2e3b75b5508,2,#durango,0
#hash_57d12618aff263a8,2,#orbis,0
#hash_1e6a365b631744dc,2,#orbis,0
#bruceleebonghit,2,#orbis,0
#hash_197ab2d999329c0b,2,#orbis,0
#hash_197ab2d999329c0b,2,#durango,0
#sixthextinction,2,#orbis,0
#sixthextinction,2,#durango,0
#hash_58358c3fab3db6b5,2,#pc,302483460
#tflamez,2,#orbis,0
#ultrahax_ie,2,#orbis,0
#hash_f98b8fd16fe09ad,2,#durango,0
#hash_76b4df9a19a7556e,2,#orbis,0
#rich_3210,2,#orbis,0
#duma_ra,2,#orbis,0
#fktdark,2,#orbis,0
#sgt_hulkka,2,#orbis,0
#lasooner,2,#orbis,0
#the lasooner,2,#durango,0
#hash_1e38f7d34613c52e,2,#pc,602740
#hash_355506657107fab8,2,#pc,376012408
#zeolide,2,#orbis,0
#llzz,2,#durango,0
#surgemeisteriii,2,#orbis,0
#hash_457b027b96e39c9f,2,#orbis,0
#hash_2ccfc3abd350e275,2,#pc,315508500
#hash_9567c56d0741d42,2,#orbis,0
#corporateshill,2,#orbis,0
#hash_12b0eae42e726025,2,#pc,321992140
#hash_4b08b066ddfd9816,2,#pc,307871320
#hash_137c58343d895fa4,2,#pc,306988743
#p_e_ng,2,#orbis,0
#hash_75c2f71f1af76a31,2,#orbis,0
#itstheross,2,#orbis,0
#soul shot ya,2,#durango,0
#hash_16ce669a5370b9f,2,#pc,51886075
#obolivian,2,#orbis,0
#hash_4a7a1e05f26ae5da,2,#orbis,0
#hash_642c6c4bdc9a336e,2,#pc,52119354
#hash_2369a69da377e90d,2,#pc,73483421
#the absolute,2,#durango,0
#hash_ea1a6ce7baefb00,2,#orbis,0
#hash_f23bc38b32c3ae7,2,#pc,306164183
#mebrother9,2,#orbis,0
#hash_4c20224f86d12b28,2,#pc,347611255
#albeeng,2,#orbis,0
#hash_1b3f62a457afd6a,2,#durango,0
#balamix,2,#orbis,0
#balamix,2,#orbis,0
#sunnywindy,2,#orbis,0
#hash_2fbb9229a26d8625,2,#pc,1998260
#mauvaiseblague,2,#orbis,0
#hash_40e1ed640f3abf61,2,#pc,67528865
#hash_222936d38eed315f,2,#pc,56295702
#hash_3990ed9ff5e3ba74,2,#pc,63446606
#hash_254f8be9a4117f6e,2,#pc,94897863
#hash_6dad360822befeb3,2,#pc,1016657
#hash_48fd34b8f18d4ca0,2,#pc,80964794
#hash_1d1bca91e11f5e14,2,#pc,86025902
#blackbalthazar,2,#orbis,0
#blackbalthazar,2,#durango,0
#hash_23da868ca681444d,2,#pc,137992741
#azathoth2,2,#orbis,0
#neodem,2,#orbis,0
#hash_60c3f1ac793f85da,2,#pc,56195883
#hash_1070d3064cd38d9b,2,#pc,94541583
#hash_693fc22d062c3077,2,#pc,51988701
#hash_15fb568dea540274,2,#pc,93054040
#hash_66b19afbc666db01,2,#pc,79926974
#hash_7d0a2f5d2bdc44b,2,#orbis,0
#hash_678bb6237e4da9c4,2,#pc,865219
#hash_2c0448ceada8f976,2,#pc,1295576
#hash_781a46e364b16f24,2,#pc,51097356
#hash_720c6f4c07404588,2,#pc,416734971
#hash_7841f60cf70dda83,2,#pc,63144799
#hash_6cdc7d3a66bc5de,2,#pc,55713549
#hash_9124c700417074,2,#pc,315337824
#hash_33799f8f941d367d,2,#pc,302876346
#hash_40fb7e6f9008629a,2,#pc,131676026
#hash_4e674a22a3bd41c3,2,#pc,303024983
#hash_440d8a1bc39f243d,2,#pc,77256900
#hash_3392a97d57fe0f22,2,#pc,56107756
#hash_78b7d4a33fa9a705,2,#pc,75259355
#hash_1680cc39b42ffff4,2,#pc,52292904
#hash_1e9624c110dfd66e,2,#pc,52308024
#crixus1441,2,#durango,0
#hash_335d4c28e2239614,2,#pc,380338405
#hash_1aa441c7218b430a,2,#pc,63328652
#hash_29ee29285b1dfd6,2,#pc,84307778
#hash_55f1898a04ae8ff9,2,#pc,71055392
#maximecharron,2,#orbis,0
#hash_629464e1879508e5,2,#pc,103022526
#hash_395ed89e0ee20d37,2,#pc,863973
#hash_d3368c2519c4fde,2,#pc,56376545
#hash_3ed66d76239eaf5b,2,#pc,396322
#hash_1b17429000c46ee2,2,#pc,125881968
#reithen,2,#orbis,0
#misstick,2,#orbis,0
#hash_228cc602a5aa4cd3,2,#pc,77007121
#iamradiox,2,#orbis,0
#iamradiox,2,#durango,0
#hash_218f5c753ba8abbd,2,#pc,1401184
#sigurd999,2,#orbis,0
#hash_67628580f7fff81e,2,#pc,301062168
#hash_3e4cdc8e6254b401,2,#pc,55736015
#welleyqc,2,#orbis,0
#welleyqc,2,#durango,0
#azikk06,2,#orbis,0
#hash_1d657f7e27b23ec4,2,#pc,363863918
#hash_603f599ee507217e,2,#pc,347416728
#hash_62a8661ee41f2129,2,#pc,52172194
#hash_4b0ca78661f8d71e,2,#pc,92199757
#hash_39a4e5d47951a012,2,#pc,79928783
#hash_379fe2f85362683,2,#pc,1841088
#bxfistos,2,#orbis,0
#hash_7f650750d3fa343,2,#pc,50388133
#hash_14b0fea8b11db7e1,2,#pc,50666011
#kevv2,2,#orbis,0
#dimed11,2,#orbis,0
#hash_6add607910d3c64f,2,#pc,75366808
#hash_1d46b7fe54bb1863,2,#orbis,0
#hash_6900f614581f0b3f,2,#pc,57867525
#amazingsmo,2,#orbis,0
#hash_73927c02f914574c,2,#pc,80796186
#hash_202950cd27f526d6,2,#pc,51503946
#chicknberzerker,2,#orbis,0
#plusvee,2,#orbis,0
#plusvee,2,#durango,0
#lightcarnival,2,#orbis,0
#hash_52cf4061447a7c22,2,#pc,55107615
#hash_4a321ae6a8b0a3df,2,#pc,56118854
#miagiqc,2,#orbis,0
#hash_5d76305c239dc981,2,#pc,85718790
#hash_1918786cdeef89d0,2,#pc,372955547
#hash_33eedfd84ad8385,2,#pc,303303809
#qapriqorn,2,#orbis,0
#hash_cb3a9b8ccddd63a,2,#pc,316412118
#hash_9e8f003d778a2b6,2,#pc,305384912
#hash_5267fb21d6f352bf,2,#pc,55992465
#hash_1e5fafc6a84cfd30,2,#pc,51505033
#hash_292f1d4100770f94,2,#pc,56109691
#hash_60f2744376a1867e,2,#orbis,0
#hash_55eb84910e92c3f1,2,#pc,53939336
#samcaliss,2,#orbis,0
#hash_62f4f48af39df9f4,2,#pc,372930485
#hash_7ed64c5e872480b5,2,#pc,66033201
#hash_10412c5e96c3c2f,2,#orbis,0
#hash_1ade3afca0fbaba4,2,#pc,380367166
#gamermanjohn,2,#orbis,0
#gamermanjohn,2,#durango,0
#hash_18e3df88bf5a475a,2,#pc,63356730
#hash_2068980feeb536a5,2,#orbis,0
#hash_2068980feeb536a5,2,#durango,0
#ladykendir,2,#durango,0
#gabdion,2,#orbis,0
#goreflex_,2,#orbis,0
#hash_7df614bd0c9e94cd,2,#pc,368762008
#oddmanero,2,#orbis,0
#hash_1efee543200bab79,2,#pc,51219284
#hash_31b2951f08ceba14,2,#pc,82651440
#one_shade,2,#orbis,0
#hash_615e97c8e6c87d6e,2,#pc,303379480
#arkastan,2,#durango,0
#hash_61fde9a1c81adbd,2,#pc,368158591
#hash_1fe18d0b70fd0fe9,2,#pc,80838877
#fredericwilson,2,#orbis,0
#fw fw fw fw fw,2,#durango,0
#chakal,2,#durango,0
#hash_2f7873aa0f3728df,2,#pc,1513768
#hash_28689992b81cc51c,2,#pc,302730250
#mlgwolfingtons,2,#orbis,0
#wolfingtons,2,#durango,0
#hash_6af0773dccf82d96,2,#pc,82771429
#hash_1eb0830b2a1eb111,2,#pc,65277932
#chibi_mpe,2,#orbis,0
#hash_e0f449d7a2dbae7,2,#pc,54264122
#bowserpunch,2,#orbis,0
#hash_38f6893790c439b4,2,#pc,378357077
#hash_367f953d874c159f,2,#orbis,0
#mitch054,2,#durango,0
#hash_659cae5cf36a8fdb,2,#pc,52351454
#hash_3fe202b55b30d5f,2,#pc,58525645
#hash_53c74c8a67d3b72f,2,#pc,63057159
#hash_74e4f45e56cac435,2,#pc,56193455
#freakyfranky,2,#orbis,0
#hash_1a86e4af792ca095,2,#pc,1505301
#hash_7d76f8af2552eeed,2,#pc,995188
#hash_1305acb15289756a,2,#pc,304292779
#hash_2c13a41a90c68909,2,#pc,80654072
#shinyhuntress,2,#orbis,0
#hash_5c0db5f8b5dbc10d,2,#orbis,0
#hash_29f41ada2bbac518,2,#orbis,0
#hash_5f74fa9a376f6190,2,#pc,954491
#flashcloud,2,#orbis,0
#memphist,2,#orbis,0
#hash_613c1430d5c08760,2,#orbis,0
#hash_391084b290c718df,2,#pc,382798135
#hash_2e847932248c10ff,2,#orbis,0
#richims,2,#durango,0
#hash_63f2fd45b3865df4,2,#orbis,0
#hash_20d5b059e34a40e5,2,#orbis,0
#immutablyme,2,#orbis,0
#rhatking,2,#orbis,0
#jmc2793,2,#orbis,0
#hash_1f5888c2e2b5b161,2,#orbis,0
#hash_1f5888c2e2b5b161,2,#durango,0
#hash_29601a568fe080a7,2,#pc,51131000
#hash_3f7e38e858443b2c,2,#pc,52330791
#beaks99,2,#durango,0
#illgamma,2,#orbis,0
#hash_5b21c3aae9deff15,2,#orbis,0
#hash_70c035d1359e5dda,2,#pc,344729903
#hash_714b8796f69296fc,2,#pc,300672565
#warikdarkeshadow,2,#orbis,0
#hash_42b6e55f61cd9b8b,2,#orbis,0
#foxhoundfps,2,#durango,0
#fpsfoxhound,2,#orbis,0
#hash_fa54f743c2c8250,2,#pc,109791
#susperia,2,#orbis,0
#hash_42fd05dc42e524f9,2,#orbis,0
#hash_6837e5ccabb05d86,2,#pc,63179264
#aphemia,2,#orbis,0
#hash_2deb26d3c1c2788c,2,#pc,86624649
#hash_3a407e12babb517e,2,#orbis,0
#hash_56a925e3222e67bd,2,#pc,85139895
#hash_20db45293844f1e0,2,#pc,304372690
#hash_3d51190868807bcc,2,#durango,0
#hash_1cc52ba981fcb900,2,#orbis,0
#hash_1cc52ba981fcb900,2,#durango,0
#hash_1d6b843700d653df,2,#durango,0
#endlesswinter,2,#durango,0
#theendlesswinter,2,#orbis,0
#hash_60521db060da373d,2,#orbis,0
#hash_22e8c4a5a97b9ed,2,#pc,51913002
#semajredins,2,#orbis,0
#hash_85ac4a9c7787533,2,#orbis,0
#wendell wobble,2,#durango,0
#hash_61daf8cfb9ddb797,2,#durango,0
#hash_204ddbdf8a672ba8,2,#durango,0
#draggeo,2,#durango,0
#ar0x,2,#durango,0
#hash_25f63a6e5bf8aaf0,2,#durango,0
#xangelo117x,2,#durango,0
#hash_26c57611022ecf6c,2,#durango,0
#mcr monroeville,2,#durango,0
#garion1122,2,#durango,0
#hash_5237db96570c36a4,2,#durango,0
#hash_31a665b86803b410,2,#durango,0
#hash_6af47889f7f9aa45,2,#durango,0
#hash_62b2f0fa4d30706e,2,#durango,0
#greatweissshark,2,#durango,0
#hash_329ca58f18f2837,2,#durango,0
#a crazy spider,2,#durango,0
#hash_170877b9a43d1aee,2,#durango,0
#hash_29082f4c0a97d83,2,#durango,0
#hash_3727656cb9a2342d,2,#durango,0
#itsabeautclark,2,#durango,0
#alturis,2,#durango,0
#mister bun,2,#durango,0
#irishtaxidriver,2,#durango,0
#jabadan,2,#durango,0
#hauptron,2,#durango,0
#hash_250571aa2b9dafab,2,#durango,0
#biessdog,2,#durango,0
#hash_76cc64804bab8135,2,#durango,0
#hash_60aab0376e621237,2,#durango,0
#hash_4160413d720ce636,2,#durango,0
#aeruk,2,#durango,0
#ninjeestarr,2,#durango,0
#bigboyxboris,2,#durango,0
#cojaxx,2,#durango,0
#hash_57ea75aededacfac,2,#durango,0
#gridops,2,#durango,0
#emorog,2,#durango,0
#hash_31a8678f63110125,2,#durango,0
#manimal3,2,#durango,0
#vipplez,2,#durango,0
#hash_38ec2d9b5c2043a3,2,#durango,0
#hash_2dc4866a161ccef4,2,#durango,0
#bullgodica,2,#durango,0
#shockbeta,2,#durango,0
#hash_c7bb6817706c7d1,2,#durango,0
#hash_749236a1cdfd60c8,2,#durango,0
#thediceparadox,2,#durango,0
#turtlepaste,2,#durango,0
#instg8r,2,#durango,0
#pleshakn,2,#durango,0
#urdeded,2,#durango,0
#battle chimp,2,#durango,0
#kebbbypls,2,#durango,0
#hash_393f4f4a71b9b590,2,#durango,0
#pyre17,2,#durango,0
#hash_26cff573513b6285,2,#durango,0
#kdanger,2,#durango,0
#quantum schema,2,#durango,0
#greatmariolv,2,#durango,0
#hash_c07a51bb7724526,2,#durango,0
#twytch45,2,#durango,0
#squeak killer,2,#durango,0
#hash_3b25bc8428ef4b4f,2,#durango,0
#hash_3beb9e45aeb6403e,2,#durango,0
#hash_59cd11b0dc70422e,2,#durango,0
#hash_1d2dc674a0968f58,2,#durango,0
#hash_7f210c41ef212090,2,#durango,0
#tailtiu,2,#durango,0
#katamaritaco,2,#durango,0
#hash_4ad8efbf55728e97,2,#durango,0
#hash_6b658fb58c0c0431,2,#durango,0
#hash_1bc3d9112d6a8f47,2,#durango,0
#burnett0531,2,#durango,0
#olri0n,2,#durango,0
#riespieces,2,#durango,0
#phaider,2,#durango,0
#joe 360,2,#durango,0
#dalroi,2,#durango,0
#thelken,2,#durango,0
#mavrik55,2,#durango,0
#jbestus,2,#durango,0
#hash_1f18b34ac1ebe2ef,2,#durango,0
#ryublitz,2,#durango,0
#omega nexus,2,#durango,0
#hash_373877d2bd5d492f,2,#orbis,0
#nicodem-x,2,#orbis,0
#draggeo,2,#orbis,0
#hash_7570589e754acc59,2,#orbis,0
#hash_cc8a867c554c89d,2,#orbis,0
#xangelo117x,2,#orbis,0
#hash_1acadc349bcf9259,2,#orbis,0
#hash_d23ef3a6f9d20ab,2,#orbis,0
#hash_372bfdde87aa77e8,2,#orbis,0
#garion1122,2,#orbis,0
#zedilurk,2,#orbis,0
#hash_7b7d994aa850e149,2,#orbis,0
#hash_5237db96570c36a4,2,#orbis,0
#hash_343602e035994cf9,2,#orbis,0
#hash_6af47889f7f9aa45,2,#orbis,0
#hash_3e25fd05aaff5ec,2,#orbis,0
#hash_4258fc0e8a079faf,2,#orbis,0
#hash_2711ed231ecf00b6,2,#orbis,0
#hash_29082f4c0a97d83,2,#orbis,0
#linnception,2,#orbis,0
#hash_3b5b8aff53911e32,2,#orbis,0
#doc_roe,2,#orbis,0
#drspoq,2,#orbis,0
#fang_v2,2,#orbis,0
#irishtaxidriver,2,#orbis,0
#jabadan,2,#orbis,0
#hash_2279624e05a080ce,2,#orbis,0
#df90210,2,#orbis,0
#hash_70060e88ff19c8bb,2,#orbis,0
#hash_5f868602e7170d81,2,#orbis,0
#hash_250571aa2b9dafab,2,#orbis,0
#dotxlsx,2,#orbis,0
#biessdog,2,#orbis,0
#hash_49788f36f3f97642,2,#orbis,0
#hash_28a13dc7acd3915a,2,#orbis,0
#aeruk,2,#orbis,0
#hash_184a1358c8059aa7,2,#orbis,0
#hash_333147bbacfc844,2,#orbis,0
#drunkronswanson,2,#orbis,0
#hash_7386624921b33b61,2,#orbis,0
#cojaxx,2,#orbis,0
#emorog_,2,#orbis,0
#myhobobuddy,2,#orbis,0
#vipples,2,#orbis,0
#bolognagenocide,2,#orbis,0
#hash_2dc4866a161ccef4,2,#orbis,0
#bullgodica,2,#orbis,0
#jshockem,2,#orbis,0
#hash_5c828bf1823700ca,2,#orbis,0
#hash_749236a1cdfd60c8,2,#orbis,0
#dice11123,2,#orbis,0
#hash_2793274677a72e37,2,#orbis,0
#hash_5acad8e2c9672dd5,2,#orbis,0
#hash_253810e03a85ad8a,2,#orbis,0
#krakenbluejt,2,#orbis,0
#turtlepaste,2,#orbis,0
#instg8r_007,2,#orbis,0
#liquidfabulous,2,#orbis,0
#battle_taco,2,#orbis,0
#anthraxtaco,2,#orbis,0
#demon_gravy,2,#orbis,0
#pyre17,2,#orbis,0
#hash_347602a367e09f8b,2,#orbis,0
#quantumschema,2,#orbis,0
#chim_chim_monk,2,#orbis,0
#hash_c07a51bb7724526,2,#orbis,0
#twytch45,2,#orbis,0
#hash_4270b40533f74232,2,#orbis,0
#golden_hearse,2,#orbis,0
#hash_4945378133002fd8,2,#orbis,0
#hash_7c13c677e79d0f4b,2,#orbis,0
#pronescoped,2,#orbis,0
#katamaritaco,2,#orbis,0
#maniacalred1993,2,#orbis,0
#hash_7481dd9af3ca09ac,2,#orbis,0
#imsooloki,2,#orbis,0
#hash_57e1af14010cb6cc,2,#orbis,0
#hash_5283c9bfad0d641b,2,#orbis,0
#onek89,2,#orbis,0
#hash_1b6023d8e874bb59,2,#orbis,0
#hash_7e0e0b8c3b34e774,2,#orbis,0
#hash_2c406a6f88c4619,2,#orbis,0
#hash_50e12fc109eeeb15,2,#orbis,0
#skwisgaar,2,#orbis,0
#beceris,2,#orbis,0
#hash_1be9918c6afa671a,2,#orbis,0
#xaxzor,2,#orbis,0
#tehaqui,2,#orbis,0
#hash_42db800783d27508,2,#orbis,0
#ryublitz,2,#orbis,0
#hash_41e42806baa82491,2,#orbis,0
#hash_2d5cd9bd1b360353,2,#pc,306528
#hash_3ddea9313f82292f,2,#pc,312914563
#hash_30823eaa4947d90d,2,#pc,76581008
#hash_53f5c0350b661b79,2,#pc,75725367
#hash_5dd4cdcf28866729,2,#pc,1298790
#hash_2a43a5c684d56877,2,#pc,4773
#hash_6b5a81e77b0ad470,2,#pc,1545287
#hash_7ec9cf88e95643b2,2,#pc,84885559
#hash_52b17a70b19006c5,2,#pc,56154213
#hash_1b79c1a912d8ee79,2,#pc,847201
#hash_25e4885a1ed4ac8b,2,#pc,380880580
#hash_70e37c4c4fea05a7,2,#pc,27057
#hash_23619dbfdcd921ac,2,#pc,73206153
#hash_30f737fc2fec044a,2,#pc,170731
#hash_3942b62c7a58fb19,2,#pc,323260006
#hash_5502aa9fb68d5f53,2,#pc,68267947
#hash_3797e2cffd71816d,2,#pc,83849238
#hash_59479889731cd56d,2,#pc,51
#hash_58d811cadae48cf3,2,#pc,57325309
#hash_40d0792a7c34c4e0,2,#pc,1392471
#hash_16de08ada381488a,2,#pc,347430798
#hash_790059a50638e4d4,2,#pc,65226225
#hash_5ee6ab511ab9426,2,#pc,74589715
#hash_e17f38fcd107b24,2,#pc,55550950
#hash_43675789897a220a,2,#pc,87610585
#hash_765ddacd8f839f3b,2,#pc,306661680
#hash_2669ea1a106d6f34,2,#pc,79953490
#hash_1fdf7b968908bd04,2,#pc,56139615
#theshalelord,2,#ps4,0
#hash_2f955effcdb27ae2,2,#pc,57724980
#basicallynormal,2,#orbis,0
#hash_22f322b2c9bae6a8,2,#orbis,0
#diretexas96,2,#durango,0
#hash_1c63385355f1a663,2,#pc,52198195
#hash_613d7979d6f48157,2,#pc,383383565
#hash_4a7d20799f621ec1,2,#pc,313370914
#snackopsiii,2,#orbis,0
#aschwarzengamer,2,#durango,0
#hash_6d796b6b91ab8ae1,2,#orbis,0
#eji_313,2,#orbis,0
#hash_7bab2d8216a4f852,2,#orbis,0
#hash_68a01128c9b5696f,2,#orbis,0
#hash_5b07923e18632d36,2,#orbis,0
#slumofabish,2,#orbis,0
#mxms533,2,#orbis,0
#hash_336b0aebac0dfe88,2,#durango,0
#imattks,5,#orbis,0
#lparada,5,#orbis,0
#ymiller,5,#orbis,0
#vgood,5,#orbis,0
#hash_17e4f5b791c27a5e,5,#durango,0
#hash_7ef4ade556eb06c5,5,#durango,0
#hash_578aaad2d00b8fa4,5,#durango,0
#hash_68caf759edcc617f,5,#durango,0
#hash_49c47b734eedd204,5,#durango,0
#hash_5f0524f1b3e9491f,5,#durango,0
#hash_40dfc2ad67a7f7a,5,#durango,0
#hash_43d68275c698e002,5,#durango,0
#hash_27ff7a3bc0495356,5,#durango,0
#hash_58344cb32442d8cb,5,#durango,0
#d3sperad00,2,#durango,0
#tee_l_jay,2,#orbis,0
#hash_4f43e6bd237a9a85,2,#orbis,0
#r1zzuto,2,#durango,0
#hash_4712d168ad05b662,2,#pc,78352833
#wildark,2,#orbis,0
#hash_3a64ef4b1c33de3,2,#pc,310184305
#hash_3459ecfb55db7a7c,2,#orbis,0
#hash_555da1fb82e520f6,2,#pc,53342114
#hash_440d8a1bc39f243d,2,#pc,77256900
#qapriqorn,2,#orbis,0
#hash_202950cd27f526d6,2,#pc,51503946
#chicknberzerker,2,#orbis,0
#hash_487d91cb454ff2b4,2,#pc,880180
#eljibbo,2,#orbis,0
#hash_693fc22d062c3077,2,#pc,51988701
#hash_492bee17b652c97f,2,#pc,81986028
#hash_53c74c8a67d3b72f,2,#pc,63057159
#hash_57da27d831d2c8d4,2,#pc,129720412
#hash_51d0f6539d341f23,2,#orbis,0
#hash_5b40a8da5cd0f7e1,2,#durango,0
#dj_vahn,2,#orbis,0
#dj_vahn,2,#orbis,0
#vahn,2,#durango,0
#hash_c17b40c702a99eb,5,#pc,159870786
#hash_123c0414f5b2a396,5,#pc,158952625
#hash_139a2742b7268abd,5,#durango,0
#hash_5b91047edf9511aa,5,#orbis,0
#hash_d2b065babd52c5c,5,#pc,417694149
#fable23,2,#orbis,0
#hash_4f44556f4600378a,2,#durango,0
#hash_6cabfe5b60d9a6d2,2,#orbis,0
#dominus_pacis,2,#orbis,0
#hash_58e51e4f2fe77225,5,#orbis,0
#hash_652699b4c6a80f8,5,#orbis,0
#hash_55071c7738f26994,5,#orbis,0
#hash_1f34f57f7d4f34c1,5,#orbis,0
#hash_72cef2e37c49c19e,5,#orbis,0
#hash_33195fcbc7236a6f,5,#orbis,0
#hash_352c8beb096ed580,5,#orbis,0
#hash_1f7e560792cca77,5,#orbis,0
#hash_73ce9e224fa4cb28,5,#orbis,0
#hash_5f5766d5fe1d700b,5,#orbis,0
#hash_264499d70094428d,5,#orbis,0
#hash_6cdd0d3a3b9e2425,5,#orbis,0
#hash_6cdd0d3a3b9e2425,5,#orbis,0
#hash_7942d6b14c58a91e,5,#orbis,0
#speros_,5,#orbis,0
#hash_58675b6b55212d92,5,#orbis,0